<profile><BitsPerPixel>18</BitsPerPixel><DeviceUrl>http://uk.blackberry.com/devices/archived/7280.jsp#tab_tab_specs</DeviceUrl><HardwareModel>7280</HardwareModel><HardwareVendor>RIM</HardwareVendor><Has3DCamera>False</Has3DCamera><Has3DScreen>False</Has3DScreen><HasCamera>False</HasCamera><HasKeypad>False</HasKeypad><HasQwertyPad>True</HasQwertyPad><HasTouchScreen>False</HasTouchScreen><HasTrackPad>False</HasTrackPad><HasVirtualQwerty>False</HasVirtualQwerty><IsConsole>False</IsConsole><IsEReader>False</IsEReader><IsMobile>True</IsMobile><IsTablet>False</IsTablet><ReleaseMonth>January</ReleaseMonth><ReleaseYear>2004</ReleaseYear><ScreenDiagonalMM>Unknown</ScreenDiagonalMM><ScreenMMHeight>Unknown</ScreenMMHeight><ScreenMMWidth>Unknown</ScreenMMWidth><ScreenPixelsHeight>160</ScreenPixelsHeight><ScreenPixelsWidth>240</ScreenPixelsWidth><SecuritySupport>SSL3.0</SecuritySupport><SuggestedImageButtonHeightMms>3.5</SuggestedImageButtonHeightMms><SuggestedImageButtonHeightPixels>11.8</SuggestedImageButtonHeightPixels><SuggestedLinkSizePixels>11.8</SuggestedLinkSizePixels><SuggestedLinkSizePoints>10</SuggestedLinkSizePoints><SupportedBearers>3GPP</SupportedBearers></profile>