<profile><BitsPerPixel>16</BitsPerPixel><DeviceUrl>http://www.samsung.com/uk/support/detail/supportPrdDetail.do?prd_mdl_cd=SGH-J700PSIVIM&amp;srchword=SGH-J700I</DeviceUrl><HardwareModel>SGH-J700i</HardwareModel><HardwareVendor>Samsung</HardwareVendor><Has3DCamera>False</Has3DCamera><Has3DScreen>False</Has3DScreen><HasCamera>True</HasCamera><HasKeypad>True</HasKeypad><HasQwertyPad>False</HasQwertyPad><HasTouchScreen>False</HasTouchScreen><HasTrackPad>False</HasTrackPad><HasVirtualQwerty>False</HasVirtualQwerty><IsConsole>False</IsConsole><IsEReader>False</IsEReader><IsMobile>True</IsMobile><IsTablet>False</IsTablet><ReleaseMonth>November</ReleaseMonth><ReleaseYear>2008</ReleaseYear><ScreenDiagonalMM>51</ScreenDiagonalMM><ScreenMMHeight>40</ScreenMMHeight><ScreenMMWidth>32</ScreenMMWidth><ScreenPixelsHeight>160</ScreenPixelsHeight><ScreenPixelsWidth>128</ScreenPixelsWidth><SecuritySupport>SSL1.0</SecuritySupport><SuggestedImageButtonHeightMms>3.5</SuggestedImageButtonHeightMms><SuggestedImageButtonHeightPixels>14.1</SuggestedImageButtonHeightPixels><SuggestedLinkSizePixels>14.1</SuggestedLinkSizePixels><SuggestedLinkSizePoints>10</SuggestedLinkSizePoints><SupportedBearers>GSM</SupportedBearers></profile>