<profile><BitsPerPixel>16</BitsPerPixel><DeviceUrl>http://www.developer.nokia.com/Devices/Device_specifications/9300/</DeviceUrl><HardwareModel>9300</HardwareModel><HardwareVendor>Nokia</HardwareVendor><Has3DCamera>False</Has3DCamera><Has3DScreen>False</Has3DScreen><HasCamera>False</HasCamera><HasKeypad>True</HasKeypad><HasQwertyPad>True</HasQwertyPad><HasTouchScreen>False</HasTouchScreen><HasTrackPad>False</HasTrackPad><HasVirtualQwerty>False</HasVirtualQwerty><IsConsole>False</IsConsole><IsEReader>False</IsEReader><IsMobile>True</IsMobile><IsTablet>False</IsTablet><ReleaseMonth>July</ReleaseMonth><ReleaseYear>2004</ReleaseYear><ScreenDiagonalMM>102</ScreenDiagonalMM><ScreenMMHeight>30</ScreenMMHeight><ScreenMMWidth>97</ScreenMMWidth><ScreenPixelsHeight>200</ScreenPixelsHeight><ScreenPixelsWidth>640</ScreenPixelsWidth><SecuritySupport>SSL1.0</SecuritySupport><SuggestedImageButtonHeightMms>3.5</SuggestedImageButtonHeightMms><SuggestedImageButtonHeightPixels>23.5</SuggestedImageButtonHeightPixels><SuggestedLinkSizePixels>23.5</SuggestedLinkSizePixels><SuggestedLinkSizePoints>10</SuggestedLinkSizePoints><SupportedBearers>GSM</SupportedBearers></profile>