<profile><BitsPerPixel>16</BitsPerPixel><DeviceUrl>http://www.motorola.com/Consumers/GB-EN/Consumer-Products-and-Services/Mobile-Phones/ci.Motorola-BACKFLIP-with-MOTOBLUR-GB-EN.alt</DeviceUrl><HardwareModel>MB300</HardwareModel><HardwareName>Backflip</HardwareName><HardwareVendor>Motorola</HardwareVendor><Has3DCamera>False</Has3DCamera><Has3DScreen>False</Has3DScreen><HasCamera>True</HasCamera><HasKeypad>False</HasKeypad><HasQwertyPad>True</HasQwertyPad><HasTouchScreen>True</HasTouchScreen><HasTrackPad>False</HasTrackPad><HasVirtualQwerty>True</HasVirtualQwerty><IsConsole>False</IsConsole><IsEReader>False</IsEReader><IsMobile>True</IsMobile><IsTablet>False</IsTablet><ReleaseMonth>March</ReleaseMonth><ReleaseYear>2010</ReleaseYear><ScreenDiagonalMM>79</ScreenDiagonalMM><ScreenMMHeight>66</ScreenMMHeight><ScreenMMWidth>44</ScreenMMWidth><ScreenPixelsHeight>480</ScreenPixelsHeight><ScreenPixelsWidth>320</ScreenPixelsWidth><SecuritySupport>SSL2.0</SecuritySupport><SuggestedImageButtonHeightMms>6</SuggestedImageButtonHeightMms><SuggestedImageButtonHeightPixels>43.6</SuggestedImageButtonHeightPixels><SuggestedLinkSizePixels>43.6</SuggestedLinkSizePixels><SuggestedLinkSizePoints>17</SuggestedLinkSizePoints><SupportedBearers>WiFi</SupportedBearers></profile>