<profile><BitsPerPixel>16</BitsPerPixel><DeviceUrl>http://uk.blackberry.com/devices/device-detail.jsp?navId=H0,C201,P403#tab_tab_specifications</DeviceUrl><HardwareModel>8800</HardwareModel><HardwareVendor>RIM</HardwareVendor><Has3DCamera>False</Has3DCamera><Has3DScreen>False</Has3DScreen><HasCamera>False</HasCamera><HasKeypad>False</HasKeypad><HasQwertyPad>True</HasQwertyPad><HasTouchScreen>False</HasTouchScreen><HasTrackPad>False</HasTrackPad><HasVirtualQwerty>False</HasVirtualQwerty><IsConsole>False</IsConsole><IsEReader>False</IsEReader><IsMobile>True</IsMobile><IsTablet>False</IsTablet><ReleaseMonth>February</ReleaseMonth><ReleaseYear>2007</ReleaseYear><ScreenDiagonalMM>64</ScreenDiagonalMM><ScreenMMHeight>38</ScreenMMHeight><ScreenMMWidth>51</ScreenMMWidth><ScreenPixelsHeight>240</ScreenPixelsHeight><ScreenPixelsWidth>320</ScreenPixelsWidth><SecuritySupport>WTLS1.0</SecuritySupport><SuggestedImageButtonHeightMms>3.5</SuggestedImageButtonHeightMms><SuggestedImageButtonHeightPixels>22.3</SuggestedImageButtonHeightPixels><SuggestedLinkSizePixels>22.3</SuggestedLinkSizePixels><SuggestedLinkSizePoints>10</SuggestedLinkSizePoints><SupportedBearers>GSM</SupportedBearers></profile>