<profile><BitsPerPixel>16</BitsPerPixel><DeviceUrl>http://worldwide.blackberry.com/blackberrypearl/8100/specifications.jsp</DeviceUrl><HardwareModel>8100</HardwareModel><HardwareName>8100 Pearl</HardwareName><HardwareVendor>RIM</HardwareVendor><Has3DCamera>False</Has3DCamera><Has3DScreen>False</Has3DScreen><HasCamera>True</HasCamera><HasKeypad>False</HasKeypad><HasQwertyPad>True</HasQwertyPad><HasTouchScreen>False</HasTouchScreen><HasTrackPad>False</HasTrackPad><HasVirtualQwerty>False</HasVirtualQwerty><IsConsole>False</IsConsole><IsEReader>False</IsEReader><IsMobile>True</IsMobile><IsTablet>False</IsTablet><ReleaseMonth>January</ReleaseMonth><ReleaseYear>2008</ReleaseYear><ScreenDiagonalMM>56</ScreenDiagonalMM><ScreenMMHeight>41</ScreenMMHeight><ScreenMMWidth>38</ScreenMMWidth><ScreenPixelsHeight>260</ScreenPixelsHeight><ScreenPixelsWidth>240</ScreenPixelsWidth><SecuritySupport>WTLS1.0</SecuritySupport><SuggestedImageButtonHeightMms>3.5</SuggestedImageButtonHeightMms><SuggestedImageButtonHeightPixels>22.4</SuggestedImageButtonHeightPixels><SuggestedLinkSizePixels>22.4</SuggestedLinkSizePixels><SuggestedLinkSizePoints>10</SuggestedLinkSizePoints><SupportedBearers>GSM</SupportedBearers></profile>