<profile><BitsPerPixel>16</BitsPerPixel><ColorCapable>True</ColorCapable><DeviceUrl>http://uk.blackberry.com/devices/blackberrybold9700/</DeviceUrl><HardwareModel>9700</HardwareModel><HardwareName>9700 Bold</HardwareName><HardwareVendor>RIM</HardwareVendor><Has3DCamera>False</Has3DCamera><Has3DScreen>False</Has3DScreen><HasCamera>True</HasCamera><HasKeypad>False</HasKeypad><HasQwertyPad>True</HasQwertyPad><HasTouchScreen>False</HasTouchScreen><HasTrackPad>True</HasTrackPad><HasVirtualQwerty>False</HasVirtualQwerty><IsConsole>False</IsConsole><IsEReader>False</IsEReader><IsMobile>True</IsMobile><IsTablet>False</IsTablet><ReleaseMonth>November</ReleaseMonth><ReleaseYear>2009</ReleaseYear><ScreenDiagonalMM>62</ScreenDiagonalMM><ScreenMMHeight>37</ScreenMMHeight><ScreenMMWidth>50</ScreenMMWidth><ScreenPixelsHeight>360</ScreenPixelsHeight><ScreenPixelsWidth>480</ScreenPixelsWidth><SecuritySupport>WTLS1.0</SecuritySupport><SuggestedImageButtonHeightMms>3.5</SuggestedImageButtonHeightMms><SuggestedImageButtonHeightPixels>34.3</SuggestedImageButtonHeightPixels><SuggestedLinkSizePixels>34.3</SuggestedLinkSizePixels><SuggestedLinkSizePoints>10</SuggestedLinkSizePoints><SupportedBearers>WiFi</SupportedBearers></profile>