<profile><BitsPerPixel>16</BitsPerPixel><DeviceUrl>http://www.htc.com/us/products/desire-uscellular#overview</DeviceUrl><HardwareModel>A8181</HardwareModel><HardwareName>ADR6200</HardwareName><HardwareVendor>HTC</HardwareVendor><Has3DCamera>False</Has3DCamera><Has3DScreen>False</Has3DScreen><HasCamera>True</HasCamera><HasKeypad>False</HasKeypad><HasQwertyPad>False</HasQwertyPad><HasTouchScreen>True</HasTouchScreen><HasTrackPad>True</HasTrackPad><HasVirtualQwerty>True</HasVirtualQwerty><IsConsole>False</IsConsole><IsEReader>False</IsEReader><IsMobile>True</IsMobile><IsTablet>False</IsTablet><ReleaseMonth>March</ReleaseMonth><ReleaseYear>2010</ReleaseYear><ScreenDiagonalMM>94</ScreenDiagonalMM><ScreenMMHeight>81</ScreenMMHeight><ScreenMMWidth>48</ScreenMMWidth><ScreenPixelsHeight>800</ScreenPixelsHeight><ScreenPixelsWidth>480</ScreenPixelsWidth><SecuritySupport>SSL1.0</SecuritySupport><SuggestedImageButtonHeightMms>6</SuggestedImageButtonHeightMms><SuggestedImageButtonHeightPixels>59.3</SuggestedImageButtonHeightPixels><SuggestedLinkSizePixels>59.3</SuggestedLinkSizePixels><SuggestedLinkSizePoints>17</SuggestedLinkSizePoints><SupportedBearers>WiFi</SupportedBearers></profile>