<profile><BitsPerPixel>16</BitsPerPixel><DeviceUrl>http://www.samsung.com/uk/consumer/mobile-devices/mobile-phones/archives/SGH-E390ZKAXEU-spec</DeviceUrl><HardwareModel>SGH-E390</HardwareModel><HardwareVendor>Samsung</HardwareVendor><Has3DCamera>False</Has3DCamera><Has3DScreen>False</Has3DScreen><HasCamera>True</HasCamera><HasKeypad>True</HasKeypad><HasQwertyPad>False</HasQwertyPad><HasTouchScreen>False</HasTouchScreen><HasTrackPad>False</HasTrackPad><HasVirtualQwerty>False</HasVirtualQwerty><IsConsole>False</IsConsole><IsEReader>False</IsEReader><IsMobile>True</IsMobile><IsTablet>False</IsTablet><ReleaseMonth>December</ReleaseMonth><ReleaseYear>2006</ReleaseYear><ScreenDiagonalMM>51</ScreenDiagonalMM><ScreenMMHeight>40</ScreenMMHeight><ScreenMMWidth>32</ScreenMMWidth><ScreenPixelsHeight>220</ScreenPixelsHeight><ScreenPixelsWidth>176</ScreenPixelsWidth><SecuritySupport>SSL1.0</SecuritySupport><SuggestedImageButtonHeightMms>3.5</SuggestedImageButtonHeightMms><SuggestedImageButtonHeightPixels>19.4</SuggestedImageButtonHeightPixels><SuggestedLinkSizePixels>19.4</SuggestedLinkSizePixels><SuggestedLinkSizePoints>10</SuggestedLinkSizePoints><SupportedBearers>GSM</SupportedBearers></profile>