<profile><BitsPerPixel>18</BitsPerPixel><DeviceUrl>http://www.sonyericsson.com/cws/corporate/products/phoneportfolio/specification/w995a</DeviceUrl><HardwareModel>W995a</HardwareModel><HardwareName>Slider</HardwareName><HardwareVendor>Sony Ericsson</HardwareVendor><Has3DCamera>False</Has3DCamera><Has3DScreen>False</Has3DScreen><HasCamera>True</HasCamera><HasKeypad>True</HasKeypad><HasQwertyPad>False</HasQwertyPad><HasTouchScreen>False</HasTouchScreen><HasTrackPad>False</HasTrackPad><HasVirtualQwerty>False</HasVirtualQwerty><IsConsole>False</IsConsole><IsEReader>False</IsEReader><IsMobile>True</IsMobile><IsTablet>False</IsTablet><ReleaseMonth>May</ReleaseMonth><ReleaseYear>2009</ReleaseYear><ScreenDiagonalMM>66</ScreenDiagonalMM><ScreenMMHeight>53</ScreenMMHeight><ScreenMMWidth>40</ScreenMMWidth><ScreenPixelsHeight>320</ScreenPixelsHeight><ScreenPixelsWidth>240</ScreenPixelsWidth><SecuritySupport>SSL1.0</SecuritySupport><SuggestedImageButtonHeightMms>3.5</SuggestedImageButtonHeightMms><SuggestedImageButtonHeightPixels>21.3</SuggestedImageButtonHeightPixels><SuggestedLinkSizePixels>21.3</SuggestedLinkSizePixels><SuggestedLinkSizePoints>10</SuggestedLinkSizePoints><SupportedBearers>WiFi</SupportedBearers></profile>