<profile><BitsPerPixel>16</BitsPerPixel><DeviceUrl>http://www.samsung.com/uk/consumer/mobile-devices/mobile-phones/archives/SGH-D900ZKIXEU-spec</DeviceUrl><HardwareModel>SGH-D900I</HardwareModel><HardwareVendor>Samsung</HardwareVendor><Has3DCamera>False</Has3DCamera><Has3DScreen>False</Has3DScreen><HasCamera>True</HasCamera><HasKeypad>False</HasKeypad><HasQwertyPad>False</HasQwertyPad><HasTouchScreen>True</HasTouchScreen><HasTrackPad>False</HasTrackPad><HasVirtualQwerty>False</HasVirtualQwerty><IsConsole>False</IsConsole><IsEReader>False</IsEReader><IsMobile>True</IsMobile><IsTablet>False</IsTablet><ReleaseMonth>July</ReleaseMonth><ReleaseYear>2008</ReleaseYear><ScreenDiagonalMM>54</ScreenDiagonalMM><ScreenMMHeight>43</ScreenMMHeight><ScreenMMWidth>32</ScreenMMWidth><ScreenPixelsHeight>320</ScreenPixelsHeight><ScreenPixelsWidth>240</ScreenPixelsWidth><SecuritySupport>SSL1.0</SecuritySupport><SuggestedImageButtonHeightMms>6</SuggestedImageButtonHeightMms><SuggestedImageButtonHeightPixels>44.7</SuggestedImageButtonHeightPixels><SuggestedLinkSizePixels>44.7</SuggestedLinkSizePixels><SuggestedLinkSizePoints>17</SuggestedLinkSizePoints><SupportedBearers>GSM</SupportedBearers></profile>