<profile><BitsPerPixel>16</BitsPerPixel><CameraTypes>BackFacing</CameraTypes><DeviceUrl>http://www.samsung.com/levant/consumer/mobile-phones/mobile-phones/feature-phones/GT-C3053MKAMID/index.idx?pagetype=prd_detail&amp;tab=specification</DeviceUrl><HardwareModel>C3050</HardwareModel><HardwareName>Stratus</HardwareName><HardwareVendor>Samsung</HardwareVendor><Has3DCamera>False</Has3DCamera><Has3DScreen>False</Has3DScreen><HasCamera>True</HasCamera><HasKeypad>True</HasKeypad><HasQwertyPad>False</HasQwertyPad><HasTouchScreen>False</HasTouchScreen><HasTrackPad>False</HasTrackPad><HasVirtualQwerty>False</HasVirtualQwerty><IsConsole>False</IsConsole><IsEReader>False</IsEReader><IsMobile>True</IsMobile><IsTablet>False</IsTablet><ReleaseMonth>February</ReleaseMonth><ReleaseYear>2009</ReleaseYear><ScreenDiagonalMM>50</ScreenDiagonalMM><ScreenMMHeight>41</ScreenMMHeight><ScreenMMWidth>30</ScreenMMWidth><ScreenPixelsHeight>160</ScreenPixelsHeight><ScreenPixelsWidth>120</ScreenPixelsWidth><SecuritySupport>SSL3.0</SecuritySupport><SuggestedImageButtonHeightMms>3.5</SuggestedImageButtonHeightMms><SuggestedImageButtonHeightPixels>13.8</SuggestedImageButtonHeightPixels><SuggestedLinkSizePixels>13.8</SuggestedLinkSizePixels><SuggestedLinkSizePoints>10</SuggestedLinkSizePoints><SupportedBearers>GSM</SupportedBearers></profile>