<profile><BitsPerPixel>16</BitsPerPixel><DeviceUrl>http://www.lg.com/in/mobile-phones/all-phones/LG-GW525.jsp</DeviceUrl><HardwareModel>GW525</HardwareModel><HardwareVendor>LG</HardwareVendor><Has3DCamera>False</Has3DCamera><Has3DScreen>False</Has3DScreen><HasCamera>True</HasCamera><HasKeypad>False</HasKeypad><HasQwertyPad>True</HasQwertyPad><HasTouchScreen>True</HasTouchScreen><HasTrackPad>False</HasTrackPad><HasVirtualQwerty>False</HasVirtualQwerty><IsConsole>False</IsConsole><IsEReader>False</IsEReader><IsMobile>True</IsMobile><IsTablet>False</IsTablet><ReleaseMonth>August</ReleaseMonth><ReleaseYear>2009</ReleaseYear><ScreenDiagonalMM>71</ScreenDiagonalMM><ScreenMMHeight>61</ScreenMMHeight><ScreenMMWidth>37</ScreenMMWidth><ScreenPixelsHeight>400</ScreenPixelsHeight><ScreenPixelsWidth>240</ScreenPixelsWidth><SecuritySupport>WTLS1.0</SecuritySupport><SuggestedImageButtonHeightMms>6</SuggestedImageButtonHeightMms><SuggestedImageButtonHeightPixels>39.3</SuggestedImageButtonHeightPixels><SuggestedLinkSizePixels>39.3</SuggestedLinkSizePixels><SuggestedLinkSizePoints>17</SuggestedLinkSizePoints><SupportedBearers>GSM</SupportedBearers></profile>