<profile><BitsPerPixel>16</BitsPerPixel><DeviceUrl>http://www.samsung.com/uk/consumer/mobile-devices/mobile-phones/archives/SGH-M150LAAXEU-spec</DeviceUrl><HardwareModel>SGH-M150</HardwareModel><HardwareVendor>Samsung</HardwareVendor><Has3DCamera>False</Has3DCamera><Has3DScreen>False</Has3DScreen><HasCamera>True</HasCamera><HasKeypad>True</HasKeypad><HasQwertyPad>False</HasQwertyPad><HasTouchScreen>False</HasTouchScreen><HasTrackPad>False</HasTrackPad><HasVirtualQwerty>False</HasVirtualQwerty><IsConsole>False</IsConsole><IsEReader>False</IsEReader><IsMobile>True</IsMobile><IsTablet>False</IsTablet><ReleaseMonth>May</ReleaseMonth><ReleaseYear>2008</ReleaseYear><ScreenDiagonalMM>45</ScreenDiagonalMM><ScreenMMHeight>35</ScreenMMHeight><ScreenMMWidth>28</ScreenMMWidth><ScreenPixelsHeight>160</ScreenPixelsHeight><ScreenPixelsWidth>128</ScreenPixelsWidth><SecuritySupport>SSL1.0</SecuritySupport><SuggestedImageButtonHeightMms>3.5</SuggestedImageButtonHeightMms><SuggestedImageButtonHeightPixels>16.1</SuggestedImageButtonHeightPixels><SuggestedLinkSizePixels>16.1</SuggestedLinkSizePixels><SuggestedLinkSizePoints>10</SuggestedLinkSizePoints><SupportedBearers>CSD</SupportedBearers></profile>