<profile><BitsPerPixel>16</BitsPerPixel><CameraTypes>BackFacing</CameraTypes><DeviceUrl>http://www.samsung.com/uk/consumer/mobile-devices/mobile-phones/qwerty/GT-B3210CYAXEO-spec</DeviceUrl><HardwareModel>GT-B3210</HardwareModel><HardwareName>Genio</HardwareName><HardwareVendor>Samsung</HardwareVendor><Has3DCamera>False</Has3DCamera><Has3DScreen>False</Has3DScreen><HasCamera>True</HasCamera><HasKeypad>False</HasKeypad><HasQwertyPad>True</HasQwertyPad><HasTouchScreen>False</HasTouchScreen><HasTrackPad>False</HasTrackPad><HasVirtualQwerty>False</HasVirtualQwerty><IsConsole>False</IsConsole><IsEReader>False</IsEReader><IsMobile>True</IsMobile><IsTablet>False</IsTablet><ReleaseMonth>September</ReleaseMonth><ReleaseYear>2009</ReleaseYear><ScreenDiagonalMM>56</ScreenDiagonalMM><ScreenMMHeight>35</ScreenMMHeight><ScreenMMWidth>44</ScreenMMWidth><ScreenPixelsHeight>176</ScreenPixelsHeight><ScreenPixelsWidth>220</ScreenPixelsWidth><SecuritySupport>SSL3.0</SecuritySupport><SuggestedImageButtonHeightMms>3.5</SuggestedImageButtonHeightMms><SuggestedImageButtonHeightPixels>17.7</SuggestedImageButtonHeightPixels><SuggestedLinkSizePixels>17.7</SuggestedLinkSizePixels><SuggestedLinkSizePoints>10</SuggestedLinkSizePoints><SupportedBearers>GSM</SupportedBearers></profile>