<profile><BitsPerPixel>12</BitsPerPixel><DeviceUrl>http://www.developer.nokia.com/Devices/Device_specifications/3200/</DeviceUrl><HardwareModel>3200</HardwareModel><HardwareVendor>Nokia</HardwareVendor><Has3DCamera>False</Has3DCamera><Has3DScreen>False</Has3DScreen><HasCamera>True</HasCamera><HasKeypad>True</HasKeypad><HasQwertyPad>False</HasQwertyPad><HasTouchScreen>False</HasTouchScreen><HasTrackPad>False</HasTrackPad><HasVirtualQwerty>False</HasVirtualQwerty><IsConsole>False</IsConsole><IsEReader>False</IsEReader><IsMobile>True</IsMobile><IsTablet>False</IsTablet><ReleaseMonth>September</ReleaseMonth><ReleaseYear>2003</ReleaseYear><ScreenDiagonalMM>40</ScreenDiagonalMM><ScreenMMHeight>28</ScreenMMHeight><ScreenMMWidth>28</ScreenMMWidth><ScreenPixelsHeight>128</ScreenPixelsHeight><ScreenPixelsWidth>128</ScreenPixelsWidth><SecuritySupport>WTLS1.0</SecuritySupport><SuggestedImageButtonHeightMms>3.5</SuggestedImageButtonHeightMms><SuggestedImageButtonHeightPixels>16.1</SuggestedImageButtonHeightPixels><SuggestedLinkSizePixels>16.1</SuggestedLinkSizePixels><SuggestedLinkSizePoints>10</SuggestedLinkSizePoints><SupportedBearers>GSM</SupportedBearers></profile>