<profile><BitsPerPixel>16</BitsPerPixel><DeviceUrl>http://www.samsung.com/us/mobile/cell-phones/SGH-T919CNATMB-specs</DeviceUrl><HardwareModel>SGH-T919</HardwareModel><HardwareName>Roxy</HardwareName><HardwareVendor>Samsung</HardwareVendor><Has3DCamera>False</Has3DCamera><Has3DScreen>False</Has3DScreen><HasCamera>True</HasCamera><HasKeypad>False</HasKeypad><HasQwertyPad>False</HasQwertyPad><HasTouchScreen>True</HasTouchScreen><HasTrackPad>False</HasTrackPad><HasVirtualQwerty>False</HasVirtualQwerty><IsConsole>False</IsConsole><IsEReader>False</IsEReader><IsMobile>True</IsMobile><IsTablet>False</IsTablet><ReleaseMonth>November</ReleaseMonth><ReleaseYear>2008</ReleaseYear><ScreenDiagonalMM>77</ScreenDiagonalMM><ScreenMMHeight>65</ScreenMMHeight><ScreenMMWidth>39</ScreenMMWidth><ScreenPixelsHeight>400</ScreenPixelsHeight><ScreenPixelsWidth>240</ScreenPixelsWidth><SecuritySupport>WTLS1.0</SecuritySupport><SuggestedImageButtonHeightMms>6</SuggestedImageButtonHeightMms><SuggestedImageButtonHeightPixels>36.9</SuggestedImageButtonHeightPixels><SuggestedLinkSizePixels>36.9</SuggestedLinkSizePixels><SuggestedLinkSizePoints>17</SuggestedLinkSizePoints><SupportedBearers>3GPP</SupportedBearers></profile>