<profile><BitsPerPixel>24</BitsPerPixel><DeviceUrl>http://www.sonyericsson.com/cws/products/mobilephones/overview/satio?lc=en&amp;cc=gb#view=features_specifications</DeviceUrl><HardwareModel>U1i</HardwareModel><HardwareName>U1a</HardwareName><HardwareVendor>Sony Ericsson</HardwareVendor><Has3DCamera>False</Has3DCamera><Has3DScreen>False</Has3DScreen><HasCamera>True</HasCamera><HasKeypad>False</HasKeypad><HasQwertyPad>False</HasQwertyPad><HasTouchScreen>True</HasTouchScreen><HasTrackPad>False</HasTrackPad><HasVirtualQwerty>True</HasVirtualQwerty><IsConsole>False</IsConsole><IsEReader>False</IsEReader><IsMobile>True</IsMobile><IsTablet>False</IsTablet><ReleaseMonth>October</ReleaseMonth><ReleaseYear>2009</ReleaseYear><ScreenDiagonalMM>89</ScreenDiagonalMM><ScreenMMHeight>77</ScreenMMHeight><ScreenMMWidth>44</ScreenMMWidth><ScreenPixelsHeight>640</ScreenPixelsHeight><ScreenPixelsWidth>360</ScreenPixelsWidth><SecuritySupport>SSL1.0</SecuritySupport><SuggestedImageButtonHeightMms>6</SuggestedImageButtonHeightMms><SuggestedImageButtonHeightPixels>49.9</SuggestedImageButtonHeightPixels><SuggestedLinkSizePixels>49.9</SuggestedLinkSizePixels><SuggestedLinkSizePoints>17</SuggestedLinkSizePoints><SupportedBearers>WiFi</SupportedBearers></profile>