<profile><BitsPerPixel>18</BitsPerPixel><DeviceUrl>NoWebsite</DeviceUrl><HardwareModel>E6</HardwareModel><HardwareName>Rokr</HardwareName><HardwareVendor>Motorola</HardwareVendor><Has3DCamera>False</Has3DCamera><Has3DScreen>False</Has3DScreen><HasCamera>True</HasCamera><HasKeypad>False</HasKeypad><HasQwertyPad>False</HasQwertyPad><HasTouchScreen>True</HasTouchScreen><HasTrackPad>False</HasTrackPad><HasVirtualQwerty>True</HasVirtualQwerty><IsConsole>False</IsConsole><IsEReader>False</IsEReader><IsMobile>True</IsMobile><IsTablet>False</IsTablet><ReleaseMonth>December</ReleaseMonth><ReleaseYear>2006</ReleaseYear><ScreenDiagonalMM>61</ScreenDiagonalMM><ScreenMMHeight>49</ScreenMMHeight><ScreenMMWidth>37</ScreenMMWidth><ScreenPixelsHeight>320</ScreenPixelsHeight><ScreenPixelsWidth>240</ScreenPixelsWidth><SecuritySupport>SSL1.0</SecuritySupport><SuggestedImageButtonHeightMms>6</SuggestedImageButtonHeightMms><SuggestedImageButtonHeightPixels>39.2</SuggestedImageButtonHeightPixels><SuggestedLinkSizePixels>39.2</SuggestedLinkSizePixels><SuggestedLinkSizePoints>17</SuggestedLinkSizePoints><SupportedBearers>GSM</SupportedBearers></profile>