<profile><BitsPerPixel>16</BitsPerPixel><DeviceUrl>http://www.motorola.com/Consumers/Archive/US-EN/ci.ARCHIVED---DO_NOT_USE-MOTORAZR2-V9-US-EN.alt</DeviceUrl><HardwareModel>V9</HardwareModel><HardwareName>RAZR V9</HardwareName><HardwareVendor>Motorola</HardwareVendor><Has3DCamera>False</Has3DCamera><Has3DScreen>False</Has3DScreen><HasCamera>True</HasCamera><HasKeypad>True</HasKeypad><HasQwertyPad>False</HasQwertyPad><HasTouchScreen>False</HasTouchScreen><HasTrackPad>False</HasTrackPad><HasVirtualQwerty>False</HasVirtualQwerty><IsConsole>False</IsConsole><IsEReader>False</IsEReader><IsMobile>True</IsMobile><IsTablet>False</IsTablet><ReleaseMonth>May</ReleaseMonth><ReleaseYear>2007</ReleaseYear><ScreenDiagonalMM>56</ScreenDiagonalMM><ScreenMMHeight>45</ScreenMMHeight><ScreenMMWidth>34</ScreenMMWidth><ScreenPixelsHeight>320</ScreenPixelsHeight><ScreenPixelsWidth>240</ScreenPixelsWidth><SecuritySupport>WTLS1.0</SecuritySupport><SuggestedImageButtonHeightMms>3.5</SuggestedImageButtonHeightMms><SuggestedImageButtonHeightPixels>25.1</SuggestedImageButtonHeightPixels><SuggestedLinkSizePixels>25.1</SuggestedLinkSizePixels><SuggestedLinkSizePoints>10</SuggestedLinkSizePoints><SupportedBearers>3GPP</SupportedBearers></profile>