<profile><BitsPerPixel>24</BitsPerPixel><DeviceUrl>http://www.developer.nokia.com/Devices/Device_specifications/E71/</DeviceUrl><HardwareModel>E71</HardwareModel><HardwareVendor>Nokia</HardwareVendor><Has3DCamera>False</Has3DCamera><Has3DScreen>False</Has3DScreen><HasCamera>True</HasCamera><HasKeypad>False</HasKeypad><HasQwertyPad>True</HasQwertyPad><HasTouchScreen>False</HasTouchScreen><HasTrackPad>False</HasTrackPad><HasVirtualQwerty>False</HasVirtualQwerty><IsConsole>False</IsConsole><IsEReader>False</IsEReader><IsMobile>True</IsMobile><IsTablet>False</IsTablet><ReleaseMonth>June</ReleaseMonth><ReleaseYear>2008</ReleaseYear><ScreenDiagonalMM>60</ScreenDiagonalMM><ScreenMMHeight>36</ScreenMMHeight><ScreenMMWidth>48</ScreenMMWidth><ScreenPixelsHeight>240</ScreenPixelsHeight><ScreenPixelsWidth>320</ScreenPixelsWidth><SecuritySupport>SSL1.0</SecuritySupport><SuggestedImageButtonHeightMms>3.5</SuggestedImageButtonHeightMms><SuggestedImageButtonHeightPixels>23.5</SuggestedImageButtonHeightPixels><SuggestedLinkSizePixels>23.5</SuggestedLinkSizePixels><SuggestedLinkSizePoints>10</SuggestedLinkSizePoints><SupportedBearers>WiFi</SupportedBearers></profile>