<profile><BitsPerPixel>18</BitsPerPixel><DeviceUrl>http://www.sonyericsson.com/cws/companyandpress/pressreleases/pressrelease/pressreleaseoverview/g700andg900global-20080210?cc=gb&amp;lc=en</DeviceUrl><HardwareModel>G700</HardwareModel><HardwareVendor>Sony Ericsson</HardwareVendor><Has3DCamera>False</Has3DCamera><Has3DScreen>False</Has3DScreen><HasCamera>True</HasCamera><HasKeypad>True</HasKeypad><HasQwertyPad>False</HasQwertyPad><HasTouchScreen>True</HasTouchScreen><HasTrackPad>False</HasTrackPad><HasVirtualQwerty>False</HasVirtualQwerty><IsConsole>False</IsConsole><IsEReader>False</IsEReader><IsMobile>True</IsMobile><IsTablet>False</IsTablet><ReleaseMonth>May</ReleaseMonth><ReleaseYear>2008</ReleaseYear><ScreenPixelsHeight>320</ScreenPixelsHeight><ScreenPixelsWidth>240</ScreenPixelsWidth><SecuritySupport>Unknown</SecuritySupport><SuggestedImageButtonHeightMms>6</SuggestedImageButtonHeightMms><SuggestedImageButtonHeightPixels>20.1</SuggestedImageButtonHeightPixels><SuggestedLinkSizePixels>20.1</SuggestedLinkSizePixels><SuggestedLinkSizePoints>17</SuggestedLinkSizePoints><SupportedBearers>3GPP</SupportedBearers></profile>