<profile><BitsPerPixel>18</BitsPerPixel><DeviceUrl>http://www.developer.nokia.com/Devices/Device_specifications/6280/</DeviceUrl><HardwareModel>6280</HardwareModel><HardwareVendor>Nokia</HardwareVendor><Has3DCamera>False</Has3DCamera><Has3DScreen>False</Has3DScreen><HasCamera>True</HasCamera><HasKeypad>True</HasKeypad><HasQwertyPad>False</HasQwertyPad><HasTouchScreen>False</HasTouchScreen><HasTrackPad>False</HasTrackPad><HasVirtualQwerty>False</HasVirtualQwerty><IsConsole>False</IsConsole><IsEReader>False</IsEReader><IsMobile>True</IsMobile><IsTablet>False</IsTablet><ReleaseMonth>July</ReleaseMonth><ReleaseYear>2005</ReleaseYear><ScreenDiagonalMM>56</ScreenDiagonalMM><ScreenMMHeight>45</ScreenMMHeight><ScreenMMWidth>34</ScreenMMWidth><ScreenPixelsHeight>320</ScreenPixelsHeight><ScreenPixelsWidth>240</ScreenPixelsWidth><SecuritySupport>SSL2.0</SecuritySupport><SuggestedImageButtonHeightMms>3.5</SuggestedImageButtonHeightMms><SuggestedImageButtonHeightPixels>25.1</SuggestedImageButtonHeightPixels><SuggestedLinkSizePixels>25.1</SuggestedLinkSizePixels><SuggestedLinkSizePoints>10</SuggestedLinkSizePoints><SupportedBearers>3GPP</SupportedBearers></profile>