<profile><BitsPerPixel>24</BitsPerPixel><DeviceUrl>http://www.motorola.com/consumers/v/index.jsp?vgnextoid=867061d1ad29d110VgnVCM1000008806b00aRCRD&amp;vgnextchannel=8079e763a567d110VgnVCM1000008406b00aRCRD</DeviceUrl><HardwareModel>Z6</HardwareModel><HardwareName>Rokr</HardwareName><HardwareVendor>Motorola</HardwareVendor><Has3DCamera>False</Has3DCamera><Has3DScreen>False</Has3DScreen><HasCamera>True</HasCamera><HasKeypad>True</HasKeypad><HasQwertyPad>False</HasQwertyPad><HasTouchScreen>False</HasTouchScreen><HasTrackPad>False</HasTrackPad><HasVirtualQwerty>False</HasVirtualQwerty><IsConsole>False</IsConsole><IsEReader>False</IsEReader><IsMobile>True</IsMobile><IsTablet>False</IsTablet><ReleaseMonth>June</ReleaseMonth><ReleaseYear>2007</ReleaseYear><ScreenDiagonalMM>53</ScreenDiagonalMM><ScreenMMHeight>43</ScreenMMHeight><ScreenMMWidth>32</ScreenMMWidth><ScreenPixelsHeight>320</ScreenPixelsHeight><ScreenPixelsWidth>240</ScreenPixelsWidth><SecuritySupport>SSL2.0</SecuritySupport><SuggestedImageButtonHeightMms>3.5</SuggestedImageButtonHeightMms><SuggestedImageButtonHeightPixels>26.2</SuggestedImageButtonHeightPixels><SuggestedLinkSizePixels>26.2</SuggestedLinkSizePixels><SuggestedLinkSizePoints>10</SuggestedLinkSizePoints><SupportedBearers>GSM</SupportedBearers></profile>