<profile><BitsPerPixel>16</BitsPerPixel><DeviceUrl>http://www.lenovomobile.com/phoneshow/phone_en.aspx?phoneId=A0400000355#Mao1</DeviceUrl><HardwareModel>i300</HardwareModel><HardwareVendor>Lenovo</HardwareVendor><Has3DCamera>False</Has3DCamera><Has3DScreen>False</Has3DScreen><HasCamera>True</HasCamera><HasKeypad>True</HasKeypad><HasQwertyPad>False</HasQwertyPad><HasTouchScreen>False</HasTouchScreen><HasTrackPad>False</HasTrackPad><HasVirtualQwerty>False</HasVirtualQwerty><IsConsole>False</IsConsole><IsEReader>False</IsEReader><IsMobile>True</IsMobile><IsTablet>False</IsTablet><ReleaseMonth>July</ReleaseMonth><ReleaseYear>2008</ReleaseYear><ScreenDiagonalMM>61</ScreenDiagonalMM><ScreenMMHeight>49</ScreenMMHeight><ScreenMMWidth>37</ScreenMMWidth><ScreenPixelsHeight>320</ScreenPixelsHeight><ScreenPixelsWidth>240</ScreenPixelsWidth><SecuritySupport>WTLS1.0</SecuritySupport><SuggestedImageButtonHeightMms>3.5</SuggestedImageButtonHeightMms><SuggestedImageButtonHeightPixels>23</SuggestedImageButtonHeightPixels><SuggestedLinkSizePixels>23</SuggestedLinkSizePixels><SuggestedLinkSizePoints>10</SuggestedLinkSizePoints><SupportedBearers>GSM</SupportedBearers></profile>