<profile><BitsPerPixel>24</BitsPerPixel><DeviceUrl>http://www.developer.nokia.com/Devices/Device_specifications/7390/</DeviceUrl><HardwareModel>7390</HardwareModel><HardwareVendor>Nokia</HardwareVendor><Has3DCamera>False</Has3DCamera><Has3DScreen>False</Has3DScreen><HasCamera>True</HasCamera><HasKeypad>True</HasKeypad><HasQwertyPad>False</HasQwertyPad><HasTouchScreen>False</HasTouchScreen><HasTrackPad>False</HasTrackPad><HasVirtualQwerty>False</HasVirtualQwerty><IsConsole>False</IsConsole><IsEReader>False</IsEReader><IsMobile>True</IsMobile><IsTablet>False</IsTablet><ReleaseMonth>September</ReleaseMonth><ReleaseYear>2006</ReleaseYear><ScreenDiagonalMM>58.42</ScreenDiagonalMM><ScreenMMHeight>47</ScreenMMHeight><ScreenMMWidth>35</ScreenMMWidth><ScreenPixelsHeight>320</ScreenPixelsHeight><ScreenPixelsWidth>240</ScreenPixelsWidth><SecuritySupport>SSL1.0</SecuritySupport><SuggestedImageButtonHeightMms>3.5</SuggestedImageButtonHeightMms><SuggestedImageButtonHeightPixels>24</SuggestedImageButtonHeightPixels><SuggestedLinkSizePixels>24</SuggestedLinkSizePixels><SuggestedLinkSizePoints>10</SuggestedLinkSizePoints><SupportedBearers>GSM</SupportedBearers></profile>