<profile><BitsPerPixel>16</BitsPerPixel><DeviceUrl>http://www.samsung.com/in/support/detail/supportPrdDetail.do?menu=SP01&amp;prd_mdl_cd=GT-E2100TKAINS&amp;srchword=GT-E2100</DeviceUrl><HardwareModel>E2100</HardwareModel><HardwareVendor>Samsung</HardwareVendor><Has3DCamera>False</Has3DCamera><Has3DScreen>False</Has3DScreen><HasCamera>True</HasCamera><HasKeypad>True</HasKeypad><HasQwertyPad>False</HasQwertyPad><HasTouchScreen>False</HasTouchScreen><HasTrackPad>False</HasTrackPad><HasVirtualQwerty>False</HasVirtualQwerty><IsConsole>False</IsConsole><IsEReader>False</IsEReader><IsMobile>True</IsMobile><IsTablet>False</IsTablet><ReleaseMonth>January</ReleaseMonth><ReleaseYear>2009</ReleaseYear><ScreenDiagonalMM>45</ScreenDiagonalMM><ScreenMMHeight>35</ScreenMMHeight><ScreenMMWidth>28</ScreenMMWidth><ScreenPixelsHeight>160</ScreenPixelsHeight><ScreenPixelsWidth>128</ScreenPixelsWidth><SecuritySupport>SSL2.0</SecuritySupport><SuggestedImageButtonHeightMms>3.5</SuggestedImageButtonHeightMms><SuggestedImageButtonHeightPixels>16.1</SuggestedImageButtonHeightPixels><SuggestedLinkSizePixels>16.1</SuggestedLinkSizePixels><SuggestedLinkSizePoints>10</SuggestedLinkSizePoints><SupportedBearers>GSM</SupportedBearers></profile>