<profile><BitsPerPixel>16</BitsPerPixel><DeviceUrl>NoWebsite</DeviceUrl><HardwareModel>SGH-I908</HardwareModel><HardwareName>Omnia</HardwareName><HardwareVendor>Samsung</HardwareVendor><Has3DCamera>False</Has3DCamera><Has3DScreen>False</Has3DScreen><HasCamera>True</HasCamera><HasKeypad>False</HasKeypad><HasQwertyPad>False</HasQwertyPad><HasTouchScreen>True</HasTouchScreen><HasTrackPad>False</HasTrackPad><HasVirtualQwerty>True</HasVirtualQwerty><IsConsole>False</IsConsole><IsEReader>False</IsEReader><IsMobile>True</IsMobile><IsTablet>False</IsTablet><ReleaseMonth>August</ReleaseMonth><ReleaseYear>2008</ReleaseYear><ScreenDiagonalMM>81</ScreenDiagonalMM><ScreenMMHeight>70</ScreenMMHeight><ScreenMMWidth>42</ScreenMMWidth><ScreenPixelsHeight>400</ScreenPixelsHeight><ScreenPixelsWidth>240</ScreenPixelsWidth><SecuritySupport>WTLS2.0</SecuritySupport><SuggestedImageButtonHeightMms>6</SuggestedImageButtonHeightMms><SuggestedImageButtonHeightPixels>34.3</SuggestedImageButtonHeightPixels><SuggestedLinkSizePixels>34.3</SuggestedLinkSizePixels><SuggestedLinkSizePoints>17</SuggestedLinkSizePoints><SupportedBearers>WiFi</SupportedBearers></profile>