<profile><BitsPerPixel>12</BitsPerPixel><DeviceUrl>http://www.developer.nokia.com/Devices/Device_specifications/6800-Americas/</DeviceUrl><HardwareModel>6800</HardwareModel><HardwareVendor>Nokia</HardwareVendor><Has3DCamera>False</Has3DCamera><Has3DScreen>False</Has3DScreen><HasCamera>False</HasCamera><HasKeypad>True</HasKeypad><HasQwertyPad>True</HasQwertyPad><HasTouchScreen>False</HasTouchScreen><HasTrackPad>False</HasTrackPad><HasVirtualQwerty>False</HasVirtualQwerty><IsConsole>False</IsConsole><IsEReader>False</IsEReader><IsMobile>True</IsMobile><IsTablet>False</IsTablet><ReleaseMonth>November</ReleaseMonth><ReleaseYear>2002</ReleaseYear><ScreenDiagonalMM>43.18</ScreenDiagonalMM><ScreenMMHeight>31</ScreenMMHeight><ScreenMMWidth>31</ScreenMMWidth><ScreenPixelsHeight>128</ScreenPixelsHeight><ScreenPixelsWidth>128</ScreenPixelsWidth><SecuritySupport>SSL2.0</SecuritySupport><SuggestedImageButtonHeightMms>3.5</SuggestedImageButtonHeightMms><SuggestedImageButtonHeightPixels>14.6</SuggestedImageButtonHeightPixels><SuggestedLinkSizePixels>14.6</SuggestedLinkSizePixels><SuggestedLinkSizePoints>10</SuggestedLinkSizePoints><SupportedBearers>GSM</SupportedBearers></profile>