<profile><BitsPerPixel>24</BitsPerPixel><DeviceUrl>http://www.developer.nokia.com/Devices/Device_specifications/5230/</DeviceUrl><HardwareModel>5230</HardwareModel><HardwareVendor>Nokia</HardwareVendor><Has3DCamera>False</Has3DCamera><Has3DScreen>False</Has3DScreen><HasCamera>True</HasCamera><HasKeypad>False</HasKeypad><HasQwertyPad>False</HasQwertyPad><HasTouchScreen>True</HasTouchScreen><HasTrackPad>False</HasTrackPad><HasVirtualQwerty>True</HasVirtualQwerty><IsConsole>False</IsConsole><IsEReader>False</IsEReader><IsMobile>True</IsMobile><IsTablet>False</IsTablet><ReleaseMonth>August</ReleaseMonth><ReleaseYear>2009</ReleaseYear><ScreenDiagonalMM>81.28</ScreenDiagonalMM><ScreenMMHeight>71</ScreenMMHeight><ScreenMMWidth>40</ScreenMMWidth><ScreenPixelsHeight>640</ScreenPixelsHeight><ScreenPixelsWidth>360</ScreenPixelsWidth><SecuritySupport>SSL2.0</SecuritySupport><SuggestedImageButtonHeightMms>6</SuggestedImageButtonHeightMms><SuggestedImageButtonHeightPixels>54.1</SuggestedImageButtonHeightPixels><SuggestedLinkSizePixels>54.1</SuggestedLinkSizePixels><SuggestedLinkSizePoints>17</SuggestedLinkSizePoints><SupportedBearers>WiFi</SupportedBearers></profile>