<profile><BitsPerPixel>16</BitsPerPixel><DeviceUrl>http://www.samsung.com/hk_en/support/detail/supportPrdDetail.do?menu=SP01&amp;prd_mdl_cd=SGH-J608OIATGY&amp;srchword=SGH-J608</DeviceUrl><HardwareModel>SGH-J608</HardwareModel><HardwareVendor>Samsung</HardwareVendor><Has3DCamera>False</Has3DCamera><Has3DScreen>False</Has3DScreen><HasCamera>True</HasCamera><HasKeypad>True</HasKeypad><HasQwertyPad>False</HasQwertyPad><HasTouchScreen>False</HasTouchScreen><HasTrackPad>False</HasTrackPad><HasVirtualQwerty>False</HasVirtualQwerty><IsConsole>False</IsConsole><IsEReader>False</IsEReader><IsMobile>True</IsMobile><IsTablet>False</IsTablet><ReleaseMonth>April</ReleaseMonth><ReleaseYear>2007</ReleaseYear><ScreenDiagonalMM>48.26</ScreenDiagonalMM><ScreenMMHeight>38</ScreenMMHeight><ScreenMMWidth>30</ScreenMMWidth><ScreenPixelsHeight>160</ScreenPixelsHeight><ScreenPixelsWidth>128</ScreenPixelsWidth><SecuritySupport>SSL3.0</SecuritySupport><SuggestedImageButtonHeightMms>3.5</SuggestedImageButtonHeightMms><SuggestedImageButtonHeightPixels>14.9</SuggestedImageButtonHeightPixels><SuggestedLinkSizePixels>14.9</SuggestedLinkSizePixels><SuggestedLinkSizePoints>10</SuggestedLinkSizePoints><SupportedBearers>CSD</SupportedBearers></profile>