<profile><BitsPerPixel>12</BitsPerPixel><DeviceUrl>http://www.developer.nokia.com/Devices/Device_specifications/6810/</DeviceUrl><HardwareModel>6810</HardwareModel><HardwareVendor>Nokia</HardwareVendor><Has3DCamera>False</Has3DCamera><Has3DScreen>False</Has3DScreen><HasCamera>False</HasCamera><HasKeypad>True</HasKeypad><HasQwertyPad>True</HasQwertyPad><HasTouchScreen>False</HasTouchScreen><HasTrackPad>False</HasTrackPad><HasVirtualQwerty>False</HasVirtualQwerty><IsConsole>False</IsConsole><IsEReader>False</IsEReader><IsMobile>True</IsMobile><IsTablet>False</IsTablet><ReleaseMonth>October</ReleaseMonth><ReleaseYear>2003</ReleaseYear><ScreenDiagonalMM>40.64</ScreenDiagonalMM><ScreenMMHeight>29</ScreenMMHeight><ScreenMMWidth>29</ScreenMMWidth><ScreenPixelsHeight>128</ScreenPixelsHeight><ScreenPixelsWidth>128</ScreenPixelsWidth><SecuritySupport>SSL1.0</SecuritySupport><SuggestedImageButtonHeightMms>3.5</SuggestedImageButtonHeightMms><SuggestedImageButtonHeightPixels>15.6</SuggestedImageButtonHeightPixels><SuggestedLinkSizePixels>15.6</SuggestedLinkSizePixels><SuggestedLinkSizePoints>10</SuggestedLinkSizePoints><SupportedBearers>GSM</SupportedBearers></profile>