<profile><BitsPerPixel>16</BitsPerPixel><DeviceUrl>http://www.samsung.com/sg/support/detail/supportPrdDetail.do?menu=SP01&amp;prd_ia_cd=&amp;prd_mdl_cd=&amp;prd_mdl_name=SGH-D980</DeviceUrl><HardwareModel>SGH-D980</HardwareModel><HardwareVendor>Samsung</HardwareVendor><Has3DCamera>False</Has3DCamera><Has3DScreen>False</Has3DScreen><HasCamera>True</HasCamera><HasKeypad>False</HasKeypad><HasQwertyPad>False</HasQwertyPad><HasTouchScreen>True</HasTouchScreen><HasTrackPad>False</HasTrackPad><HasVirtualQwerty>True</HasVirtualQwerty><IsConsole>False</IsConsole><IsEReader>False</IsEReader><IsMobile>True</IsMobile><IsTablet>False</IsTablet><ReleaseMonth>May</ReleaseMonth><ReleaseYear>2008</ReleaseYear><ScreenDiagonalMM>66</ScreenDiagonalMM><ScreenMMHeight>53</ScreenMMHeight><ScreenMMWidth>40</ScreenMMWidth><ScreenPixelsHeight>320</ScreenPixelsHeight><ScreenPixelsWidth>240</ScreenPixelsWidth><SecuritySupport>WTLS2.0</SecuritySupport><SuggestedImageButtonHeightMms>6</SuggestedImageButtonHeightMms><SuggestedImageButtonHeightPixels>36.2</SuggestedImageButtonHeightPixels><SuggestedLinkSizePixels>36.2</SuggestedLinkSizePixels><SuggestedLinkSizePoints>17</SuggestedLinkSizePoints><SupportedBearers>CSD</SupportedBearers></profile>