<profile><BitsPerPixel>16</BitsPerPixel><DeviceUrl>NoWebsite</DeviceUrl><HardwareModel>W3319</HardwareModel><HardwareName>Siam</HardwareName><HardwareVendor>Wellcom</HardwareVendor><Has3DCamera>False</Has3DCamera><Has3DScreen>False</Has3DScreen><HasCamera>True</HasCamera><HasKeypad>False</HasKeypad><HasQwertyPad>True</HasQwertyPad><HasTouchScreen>False</HasTouchScreen><HasTrackPad>False</HasTrackPad><HasVirtualQwerty>False</HasVirtualQwerty><IsConsole>False</IsConsole><IsEReader>False</IsEReader><IsMobile>True</IsMobile><IsTablet>False</IsTablet><ReleaseMonth>June</ReleaseMonth><ReleaseYear>2009</ReleaseYear><ScreenDiagonalMM>56</ScreenDiagonalMM><ScreenMMHeight>44</ScreenMMHeight><ScreenMMWidth>35</ScreenMMWidth><ScreenPixelsHeight>176</ScreenPixelsHeight><ScreenPixelsWidth>220</ScreenPixelsWidth><SecuritySupport>SSL2.0</SecuritySupport><SuggestedImageButtonHeightMms>3.5</SuggestedImageButtonHeightMms><SuggestedImageButtonHeightPixels>14.1</SuggestedImageButtonHeightPixels><SuggestedLinkSizePixels>14.1</SuggestedLinkSizePixels><SuggestedLinkSizePoints>10</SuggestedLinkSizePoints><SupportedBearers>GSM</SupportedBearers></profile>