<profile><BitsPerPixel>18</BitsPerPixel><DeviceUrl>http://www.sonyericsson.com/cws/corporate/products/phoneportfolio/specification/w580i</DeviceUrl><HardwareModel>W580i</HardwareModel><HardwareVendor>Sony Ericsson</HardwareVendor><Has3DCamera>False</Has3DCamera><Has3DScreen>False</Has3DScreen><HasCamera>True</HasCamera><HasKeypad>True</HasKeypad><HasQwertyPad>False</HasQwertyPad><HasTouchScreen>False</HasTouchScreen><HasTrackPad>False</HasTrackPad><HasVirtualQwerty>False</HasVirtualQwerty><IsConsole>False</IsConsole><IsEReader>False</IsEReader><IsMobile>True</IsMobile><IsTablet>False</IsTablet><ReleaseMonth>July</ReleaseMonth><ReleaseYear>2007</ReleaseYear><ScreenDiagonalMM>51</ScreenDiagonalMM><ScreenMMHeight>41</ScreenMMHeight><ScreenMMWidth>30</ScreenMMWidth><ScreenPixelsHeight>320</ScreenPixelsHeight><ScreenPixelsWidth>240</ScreenPixelsWidth><SecuritySupport>SSL2.0</SecuritySupport><SuggestedImageButtonHeightMms>3.5</SuggestedImageButtonHeightMms><SuggestedImageButtonHeightPixels>27.5</SuggestedImageButtonHeightPixels><SuggestedLinkSizePixels>27.5</SuggestedLinkSizePixels><SuggestedLinkSizePoints>10</SuggestedLinkSizePoints><SupportedBearers>GSM</SupportedBearers></profile>