<profile><BitsPerPixel>24</BitsPerPixel><DeviceUrl>http://www.sonyericsson.com/cws/products/mobilephones/featuresandspecifications/aino?cc=gb&amp;lc=en</DeviceUrl><HardwareModel>U10i</HardwareModel><HardwareName>U10a</HardwareName><HardwareVendor>Sony Ericsson</HardwareVendor><Has3DCamera>False</Has3DCamera><Has3DScreen>False</Has3DScreen><HasCamera>True</HasCamera><HasKeypad>True</HasKeypad><HasQwertyPad>False</HasQwertyPad><HasTouchScreen>True</HasTouchScreen><HasTrackPad>False</HasTrackPad><HasVirtualQwerty>False</HasVirtualQwerty><IsConsole>False</IsConsole><IsEReader>False</IsEReader><IsMobile>True</IsMobile><IsTablet>False</IsTablet><ReleaseMonth>October</ReleaseMonth><ReleaseYear>2009</ReleaseYear><ScreenDiagonalMM>76</ScreenDiagonalMM><ScreenMMHeight>67</ScreenMMHeight><ScreenMMWidth>37</ScreenMMWidth><ScreenPixelsHeight>432</ScreenPixelsHeight><ScreenPixelsWidth>240</ScreenPixelsWidth><SecuritySupport>SSL1.0</SecuritySupport><SuggestedImageButtonHeightMms>6</SuggestedImageButtonHeightMms><SuggestedImageButtonHeightPixels>38.7</SuggestedImageButtonHeightPixels><SuggestedLinkSizePixels>38.7</SuggestedLinkSizePixels><SuggestedLinkSizePoints>17</SuggestedLinkSizePoints><SupportedBearers>WiFi</SupportedBearers></profile>