<profile><BitsPerPixel>16</BitsPerPixel><DeviceUrl>NoWebsite</DeviceUrl><HardwareModel>QA1</HardwareModel><HardwareVendor>Motorola</HardwareVendor><Has3DCamera>False</Has3DCamera><Has3DScreen>False</Has3DScreen><HasCamera>True</HasCamera><HasKeypad>True</HasKeypad><HasQwertyPad>True</HasQwertyPad><HasTouchScreen>False</HasTouchScreen><HasTrackPad>False</HasTrackPad><HasVirtualQwerty>False</HasVirtualQwerty><IsConsole>False</IsConsole><IsEReader>False</IsEReader><IsMobile>True</IsMobile><IsTablet>False</IsTablet><ReleaseMonth>November</ReleaseMonth><ReleaseYear>2008</ReleaseYear><ScreenDiagonalMM>Unknown</ScreenDiagonalMM><ScreenMMHeight>Unknown</ScreenMMHeight><ScreenMMWidth>Unknown</ScreenMMWidth><ScreenPixelsHeight>240</ScreenPixelsHeight><ScreenPixelsWidth>320</ScreenPixelsWidth><SecuritySupport>WTLS1.0</SecuritySupport><SuggestedImageButtonHeightMms>3.5</SuggestedImageButtonHeightMms><SuggestedImageButtonHeightPixels>11.8</SuggestedImageButtonHeightPixels><SuggestedLinkSizePixels>11.8</SuggestedLinkSizePixels><SuggestedLinkSizePoints>10</SuggestedLinkSizePoints><SupportedBearers>3GPP</SupportedBearers></profile>