<profile><BitsPerPixel>16</BitsPerPixel><DeviceUrl>NoWebsite</DeviceUrl><HardwareModel>E218</HardwareModel><HardwareVendor>Lenovo</HardwareVendor><Has3DCamera>False</Has3DCamera><Has3DScreen>False</Has3DScreen><HasCamera>False</HasCamera><HasKeypad>True</HasKeypad><HasQwertyPad>False</HasQwertyPad><HasTouchScreen>False</HasTouchScreen><HasTrackPad>False</HasTrackPad><HasVirtualQwerty>False</HasVirtualQwerty><IsConsole>False</IsConsole><IsEReader>False</IsEReader><IsMobile>True</IsMobile><IsTablet>False</IsTablet><ReleaseMonth>May</ReleaseMonth><ReleaseYear>2009</ReleaseYear><ScreenDiagonalMM>46</ScreenDiagonalMM><ScreenMMHeight>Unknown</ScreenMMHeight><ScreenMMWidth>Unknown</ScreenMMWidth><ScreenPixelsHeight>220</ScreenPixelsHeight><ScreenPixelsWidth>176</ScreenPixelsWidth><SecuritySupport>WTLS1.0</SecuritySupport><SuggestedImageButtonHeightMms>3.5</SuggestedImageButtonHeightMms><SuggestedImageButtonHeightPixels>11.8</SuggestedImageButtonHeightPixels><SuggestedLinkSizePixels>11.8</SuggestedLinkSizePixels><SuggestedLinkSizePoints>10</SuggestedLinkSizePoints><SupportedBearers>GSM</SupportedBearers></profile>