<profile><BitsPerPixel>16</BitsPerPixel><DeviceUrl>NoWebsite</DeviceUrl><HardwareModel>GW520</HardwareModel><HardwareVendor>LG</HardwareVendor><Has3DCamera>False</Has3DCamera><Has3DScreen>False</Has3DScreen><HasCamera>True</HasCamera><HasKeypad>True</HasKeypad><HasQwertyPad>True</HasQwertyPad><HasTouchScreen>True</HasTouchScreen><HasTrackPad>False</HasTrackPad><HasVirtualQwerty>True</HasVirtualQwerty><IsConsole>False</IsConsole><IsEReader>False</IsEReader><IsMobile>True</IsMobile><IsTablet>False</IsTablet><ReleaseMonth>August</ReleaseMonth><ReleaseYear>2009</ReleaseYear><ScreenDiagonalMM>Unknown</ScreenDiagonalMM><ScreenMMHeight>Unknown</ScreenMMHeight><ScreenMMWidth>Unknown</ScreenMMWidth><ScreenPixelsHeight>400</ScreenPixelsHeight><ScreenPixelsWidth>240</ScreenPixelsWidth><SecuritySupport>WTLS1.0</SecuritySupport><SuggestedImageButtonHeightMms>6</SuggestedImageButtonHeightMms><SuggestedImageButtonHeightPixels>20.1</SuggestedImageButtonHeightPixels><SuggestedLinkSizePixels>20.1</SuggestedLinkSizePixels><SuggestedLinkSizePoints>17</SuggestedLinkSizePoints><SupportedBearers>UMTS</SupportedBearers></profile>