<profile><BitsPerPixel>16</BitsPerPixel><DeviceUrl>NoWebsite</DeviceUrl><HardwareModel>SGH-F338</HardwareModel><HardwareVendor>Samsung</HardwareVendor><Has3DCamera>False</Has3DCamera><Has3DScreen>False</Has3DScreen><HasCamera>True</HasCamera><HasKeypad>True</HasKeypad><HasQwertyPad>False</HasQwertyPad><HasTouchScreen>False</HasTouchScreen><HasTrackPad>False</HasTrackPad><HasVirtualQwerty>False</HasVirtualQwerty><IsConsole>False</IsConsole><IsEReader>False</IsEReader><IsMobile>True</IsMobile><IsTablet>False</IsTablet><ReleaseMonth>July</ReleaseMonth><ReleaseYear>2002</ReleaseYear><ScreenDiagonalMM>54</ScreenDiagonalMM><ScreenMMHeight>43</ScreenMMHeight><ScreenMMWidth>32</ScreenMMWidth><ScreenPixelsHeight>320</ScreenPixelsHeight><ScreenPixelsWidth>240</ScreenPixelsWidth><SecuritySupport>SSL3.0</SecuritySupport><SuggestedImageButtonHeightMms>3.5</SuggestedImageButtonHeightMms><SuggestedImageButtonHeightPixels>26.2</SuggestedImageButtonHeightPixels><SuggestedLinkSizePixels>26.2</SuggestedLinkSizePixels><SuggestedLinkSizePoints>10</SuggestedLinkSizePoints><SupportedBearers>GSM</SupportedBearers></profile>