<profile><BitsPerPixel>16</BitsPerPixel><DeviceUrl>http://www.sonyericsson.com/cws/corporate/products/phoneportfolio/specification/k330a</DeviceUrl><HardwareModel>K330</HardwareModel><HardwareVendor>Sony Ericsson</HardwareVendor><Has3DCamera>False</Has3DCamera><Has3DScreen>False</Has3DScreen><HasCamera>True</HasCamera><HasKeypad>True</HasKeypad><HasQwertyPad>False</HasQwertyPad><HasTouchScreen>False</HasTouchScreen><HasTrackPad>False</HasTrackPad><HasVirtualQwerty>False</HasVirtualQwerty><IsConsole>False</IsConsole><IsEReader>False</IsEReader><IsMobile>True</IsMobile><IsTablet>False</IsTablet><ReleaseMonth>September</ReleaseMonth><ReleaseYear>2008</ReleaseYear><ScreenDiagonalMM>43</ScreenDiagonalMM><ScreenMMHeight>34</ScreenMMHeight><ScreenMMWidth>27</ScreenMMWidth><ScreenPixelsHeight>160</ScreenPixelsHeight><ScreenPixelsWidth>128</ScreenPixelsWidth><SecuritySupport>SSL1.0</SecuritySupport><SuggestedImageButtonHeightMms>3.5</SuggestedImageButtonHeightMms><SuggestedImageButtonHeightPixels>16.6</SuggestedImageButtonHeightPixels><SuggestedLinkSizePixels>16.6</SuggestedLinkSizePixels><SuggestedLinkSizePoints>10</SuggestedLinkSizePoints><SupportedBearers>GSM</SupportedBearers></profile>