<profile><BitsPerPixel>16</BitsPerPixel><DeviceUrl>http://en.wikipedia.org/wiki/HTC_Touch2</DeviceUrl><HardwareModel>T3333</HardwareModel><HardwareName>Touch2</HardwareName><HardwareVendor>HTC</HardwareVendor><Has3DCamera>False</Has3DCamera><Has3DScreen>False</Has3DScreen><HasCamera>True</HasCamera><HasKeypad>False</HasKeypad><HasQwertyPad>False</HasQwertyPad><HasTouchScreen>True</HasTouchScreen><HasTrackPad>False</HasTrackPad><HasVirtualQwerty>True</HasVirtualQwerty><IsConsole>False</IsConsole><IsEReader>False</IsEReader><IsMobile>True</IsMobile><IsTablet>False</IsTablet><ReleaseMonth>September</ReleaseMonth><ReleaseYear>2009</ReleaseYear><ScreenDiagonalMM>71</ScreenDiagonalMM><ScreenMMHeight>57</ScreenMMHeight><ScreenMMWidth>43</ScreenMMWidth><ScreenPixelsHeight>320</ScreenPixelsHeight><ScreenPixelsWidth>240</ScreenPixelsWidth><SecuritySupport>WTLS1.0</SecuritySupport><SuggestedImageButtonHeightMms>6</SuggestedImageButtonHeightMms><SuggestedImageButtonHeightPixels>33.7</SuggestedImageButtonHeightPixels><SuggestedLinkSizePixels>33.7</SuggestedLinkSizePixels><SuggestedLinkSizePoints>17</SuggestedLinkSizePoints><SupportedBearers>WiFi</SupportedBearers></profile>