<profile><BitsPerPixel>16</BitsPerPixel><DeviceUrl>http://www.samsung.com/us/mobile/cell-phones/SGH-T749ZAATMB-specs</DeviceUrl><HardwareModel>SGH-T749</HardwareModel><HardwareName>Highlight</HardwareName><HardwareVendor>Samsung</HardwareVendor><Has3DCamera>False</Has3DCamera><Has3DScreen>False</Has3DScreen><HasCamera>True</HasCamera><HasKeypad>True</HasKeypad><HasQwertyPad>False</HasQwertyPad><HasTouchScreen>True</HasTouchScreen><HasTrackPad>False</HasTrackPad><HasVirtualQwerty>True</HasVirtualQwerty><IsConsole>False</IsConsole><IsEReader>False</IsEReader><IsMobile>True</IsMobile><IsTablet>False</IsTablet><ReleaseMonth>July</ReleaseMonth><ReleaseYear>2009</ReleaseYear><ScreenDiagonalMM>76.2</ScreenDiagonalMM><ScreenMMHeight>65</ScreenMMHeight><ScreenMMWidth>39</ScreenMMWidth><ScreenPixelsHeight>400</ScreenPixelsHeight><ScreenPixelsWidth>240</ScreenPixelsWidth><SecuritySupport>WTLS1.0</SecuritySupport><SuggestedImageButtonHeightMms>6</SuggestedImageButtonHeightMms><SuggestedImageButtonHeightPixels>36.9</SuggestedImageButtonHeightPixels><SuggestedLinkSizePixels>36.9</SuggestedLinkSizePixels><SuggestedLinkSizePoints>17</SuggestedLinkSizePoints><SupportedBearers>3GPP</SupportedBearers></profile>