<profile><BitsPerPixel>16</BitsPerPixel><DeviceUrl>http://www.samsung.com/hk_en/support/detail/supportPrdDetail.do?menu=SP01&amp;prd_mdl_cd=CKGL708RNMTGY&amp;srchword=SGH-L708/P</DeviceUrl><HardwareModel>SGH-L708</HardwareModel><HardwareVendor>Samsung</HardwareVendor><Has3DCamera>False</Has3DCamera><Has3DScreen>False</Has3DScreen><HasCamera>True</HasCamera><HasKeypad>True</HasKeypad><HasQwertyPad>True</HasQwertyPad><HasTouchScreen>False</HasTouchScreen><HasTrackPad>False</HasTrackPad><HasVirtualQwerty>False</HasVirtualQwerty><IsConsole>False</IsConsole><IsEReader>False</IsEReader><IsMobile>True</IsMobile><IsTablet>False</IsTablet><ReleaseMonth>March</ReleaseMonth><ReleaseYear>2008</ReleaseYear><ScreenDiagonalMM>53.34</ScreenDiagonalMM><ScreenMMHeight>42</ScreenMMHeight><ScreenMMWidth>33</ScreenMMWidth><ScreenPixelsHeight>220</ScreenPixelsHeight><ScreenPixelsWidth>176</ScreenPixelsWidth><SecuritySupport>WTLS1.0</SecuritySupport><SuggestedImageButtonHeightMms>3.5</SuggestedImageButtonHeightMms><SuggestedImageButtonHeightPixels>18.5</SuggestedImageButtonHeightPixels><SuggestedLinkSizePixels>18.5</SuggestedLinkSizePixels><SuggestedLinkSizePoints>10</SuggestedLinkSizePoints><SupportedBearers>3GPP</SupportedBearers></profile>