<profile><BitsPerPixel>24</BitsPerPixel><DeviceUrl>http://www.developer.nokia.com/Devices/Device_specifications/N95/</DeviceUrl><HardwareModel>N95</HardwareModel><HardwareVendor>Nokia</HardwareVendor><Has3DCamera>False</Has3DCamera><Has3DScreen>False</Has3DScreen><HasCamera>True</HasCamera><HasKeypad>True</HasKeypad><HasQwertyPad>False</HasQwertyPad><HasTouchScreen>False</HasTouchScreen><HasTrackPad>False</HasTrackPad><HasVirtualQwerty>False</HasVirtualQwerty><IsConsole>False</IsConsole><IsEReader>False</IsEReader><IsMobile>True</IsMobile><IsTablet>False</IsTablet><ReleaseMonth>September</ReleaseMonth><ReleaseYear>2006</ReleaseYear><ScreenDiagonalMM>66</ScreenDiagonalMM><ScreenMMHeight>59</ScreenMMHeight><ScreenMMWidth>40</ScreenMMWidth><ScreenPixelsHeight>320</ScreenPixelsHeight><ScreenPixelsWidth>240</ScreenPixelsWidth><SecuritySupport>SSL2.0</SecuritySupport><SuggestedImageButtonHeightMms>3.5</SuggestedImageButtonHeightMms><SuggestedImageButtonHeightPixels>19.1</SuggestedImageButtonHeightPixels><SuggestedLinkSizePixels>19.1</SuggestedLinkSizePixels><SuggestedLinkSizePoints>10</SuggestedLinkSizePoints><SupportedBearers>WiFi</SupportedBearers></profile>