<profile><BitsPerPixel>16</BitsPerPixel><DeviceUrl>http://www.developer.nokia.com/Devices/Device_specifications/7710/</DeviceUrl><HardwareModel>7710</HardwareModel><HardwareVendor>Nokia</HardwareVendor><Has3DCamera>False</Has3DCamera><Has3DScreen>False</Has3DScreen><HasCamera>True</HasCamera><HasKeypad>False</HasKeypad><HasQwertyPad>False</HasQwertyPad><HasTouchScreen>True</HasTouchScreen><HasTrackPad>False</HasTrackPad><HasVirtualQwerty>True</HasVirtualQwerty><IsConsole>False</IsConsole><IsEReader>False</IsEReader><IsMobile>True</IsMobile><IsTablet>False</IsTablet><ReleaseMonth>November</ReleaseMonth><ReleaseYear>2004</ReleaseYear><ScreenDiagonalMM>88</ScreenDiagonalMM><ScreenMMHeight>40</ScreenMMHeight><ScreenMMWidth>80</ScreenMMWidth><ScreenPixelsHeight>320</ScreenPixelsHeight><ScreenPixelsWidth>640</ScreenPixelsWidth><SecuritySupport>SSL1.0</SecuritySupport><SuggestedImageButtonHeightMms>6</SuggestedImageButtonHeightMms><SuggestedImageButtonHeightPixels>48</SuggestedImageButtonHeightPixels><SuggestedLinkSizePixels>48</SuggestedLinkSizePixels><SuggestedLinkSizePoints>17</SuggestedLinkSizePoints><SupportedBearers>GSM</SupportedBearers></profile>