<profile><BitsPerPixel>18</BitsPerPixel><DeviceUrl>http://www.samsung.com/hk_en/support/detail/supportPrdDetail.do?menu=SP01&amp;prd_ia_cd=&amp;prd_mdl_cd=&amp;prd_mdl_name=GT-M8910</DeviceUrl><HardwareModel>GT-M8910</HardwareModel><HardwareName>Pixon12</HardwareName><HardwareVendor>Samsung</HardwareVendor><Has3DCamera>False</Has3DCamera><Has3DScreen>False</Has3DScreen><HasCamera>True</HasCamera><HasKeypad>False</HasKeypad><HasQwertyPad>False</HasQwertyPad><HasTouchScreen>True</HasTouchScreen><HasTrackPad>False</HasTrackPad><HasVirtualQwerty>True</HasVirtualQwerty><IsConsole>False</IsConsole><IsEReader>False</IsEReader><IsMobile>True</IsMobile><IsTablet>False</IsTablet><ReleaseMonth>August</ReleaseMonth><ReleaseYear>2009</ReleaseYear><ScreenDiagonalMM>79</ScreenDiagonalMM><ScreenMMHeight>68</ScreenMMHeight><ScreenMMWidth>41</ScreenMMWidth><ScreenPixelsHeight>800</ScreenPixelsHeight><ScreenPixelsWidth>480</ScreenPixelsWidth><SecuritySupport>WTLS1.0</SecuritySupport><SuggestedImageButtonHeightMms>6</SuggestedImageButtonHeightMms><SuggestedImageButtonHeightPixels>70.6</SuggestedImageButtonHeightPixels><SuggestedLinkSizePixels>70.6</SuggestedLinkSizePixels><SuggestedLinkSizePoints>17</SuggestedLinkSizePoints><SupportedBearers>HSPA</SupportedBearers></profile>