<profile><BitsPerPixel>16</BitsPerPixel><DeviceUrl>http://developer.motorola.com/products/handsets-other/archive/e1000/</DeviceUrl><HardwareModel>E1000</HardwareModel><HardwareVendor>Motorola</HardwareVendor><Has3DCamera>False</Has3DCamera><Has3DScreen>False</Has3DScreen><HasCamera>True</HasCamera><HasKeypad>True</HasKeypad><HasQwertyPad>False</HasQwertyPad><HasTouchScreen>False</HasTouchScreen><HasTrackPad>False</HasTrackPad><HasVirtualQwerty>False</HasVirtualQwerty><IsConsole>False</IsConsole><IsEReader>False</IsEReader><IsMobile>True</IsMobile><IsTablet>False</IsTablet><ReleaseMonth>January</ReleaseMonth><ReleaseYear>2004</ReleaseYear><ScreenDiagonalMM>58</ScreenDiagonalMM><ScreenMMHeight>47</ScreenMMHeight><ScreenMMWidth>35</ScreenMMWidth><ScreenPixelsHeight>320</ScreenPixelsHeight><ScreenPixelsWidth>240</ScreenPixelsWidth><SecuritySupport>SSL2.0</SecuritySupport><SuggestedImageButtonHeightMms>3.5</SuggestedImageButtonHeightMms><SuggestedImageButtonHeightPixels>24</SuggestedImageButtonHeightPixels><SuggestedLinkSizePixels>24</SuggestedLinkSizePixels><SuggestedLinkSizePoints>10</SuggestedLinkSizePoints><SupportedBearers>GSM</SupportedBearers></profile>