<profile><BitsPerPixel>16</BitsPerPixel><DeviceUrl>http://downloadcenter.samsung.com/content/UM/200603/20060330091018468_SGH_E568_UG_ENG_Rev1.0-050721.pdf</DeviceUrl><HardwareModel>SGH-E568</HardwareModel><HardwareVendor>Samsung</HardwareVendor><Has3DCamera>False</Has3DCamera><Has3DScreen>False</Has3DScreen><HasCamera>True</HasCamera><HasKeypad>True</HasKeypad><HasQwertyPad>False</HasQwertyPad><HasTouchScreen>False</HasTouchScreen><HasTrackPad>False</HasTrackPad><HasVirtualQwerty>False</HasVirtualQwerty><IsConsole>False</IsConsole><IsEReader>False</IsEReader><IsMobile>True</IsMobile><IsTablet>False</IsTablet><ReleaseMonth>August</ReleaseMonth><ReleaseYear>2006</ReleaseYear><ScreenDiagonalMM>45</ScreenDiagonalMM><ScreenMMHeight>35</ScreenMMHeight><ScreenMMWidth>28</ScreenMMWidth><ScreenPixelsHeight>220</ScreenPixelsHeight><ScreenPixelsWidth>176</ScreenPixelsWidth><SecuritySupport>SSL1.0</SecuritySupport><SuggestedImageButtonHeightMms>3.5</SuggestedImageButtonHeightMms><SuggestedImageButtonHeightPixels>22.2</SuggestedImageButtonHeightPixels><SuggestedLinkSizePixels>22.2</SuggestedLinkSizePixels><SuggestedLinkSizePoints>10</SuggestedLinkSizePoints><SupportedBearers>GSM</SupportedBearers></profile>