<profile><BitsPerPixel>16</BitsPerPixel><DeviceUrl>NoWebsite</DeviceUrl><HardwareModel>T-Mobile Dash</HardwareModel><HardwareVendor>T-Mobile</HardwareVendor><Has3DCamera>False</Has3DCamera><Has3DScreen>False</Has3DScreen><HasCamera>True</HasCamera><HasKeypad>False</HasKeypad><HasQwertyPad>True</HasQwertyPad><HasTouchScreen>False</HasTouchScreen><HasTrackPad>False</HasTrackPad><HasVirtualQwerty>False</HasVirtualQwerty><IsConsole>False</IsConsole><IsEReader>False</IsEReader><IsMobile>True</IsMobile><IsTablet>False</IsTablet><ReleaseMonth>December</ReleaseMonth><ReleaseYear>2006</ReleaseYear><ScreenDiagonalMM>61</ScreenDiagonalMM><ScreenMMHeight>37</ScreenMMHeight><ScreenMMWidth>49</ScreenMMWidth><ScreenPixelsHeight>240</ScreenPixelsHeight><ScreenPixelsWidth>320</ScreenPixelsWidth><SecuritySupport>WTLS1.0</SecuritySupport><SuggestedImageButtonHeightMms>3.5</SuggestedImageButtonHeightMms><SuggestedImageButtonHeightPixels>22.9</SuggestedImageButtonHeightPixels><SuggestedLinkSizePixels>22.9</SuggestedLinkSizePixels><SuggestedLinkSizePoints>10</SuggestedLinkSizePoints><SupportedBearers>GSM</SupportedBearers></profile>