<profile><BitsPerPixel>18</BitsPerPixel><DeviceUrl>http://www.developer.nokia.com/Devices/Device_specifications/7210_Supernova/</DeviceUrl><HardwareModel>7210c</HardwareModel><HardwareName>Supernova</HardwareName><HardwareVendor>Nokia</HardwareVendor><Has3DCamera>False</Has3DCamera><Has3DScreen>False</Has3DScreen><HasCamera>True</HasCamera><HasKeypad>True</HasKeypad><HasQwertyPad>False</HasQwertyPad><HasTouchScreen>False</HasTouchScreen><HasTrackPad>False</HasTrackPad><HasVirtualQwerty>False</HasVirtualQwerty><IsConsole>False</IsConsole><IsEReader>False</IsEReader><IsMobile>True</IsMobile><IsTablet>False</IsTablet><ReleaseMonth>June</ReleaseMonth><ReleaseYear>2008</ReleaseYear><ScreenDiagonalMM>50.8</ScreenDiagonalMM><ScreenMMHeight>41</ScreenMMHeight><ScreenMMWidth>30</ScreenMMWidth><ScreenPixelsHeight>320</ScreenPixelsHeight><ScreenPixelsWidth>240</ScreenPixelsWidth><SecuritySupport>SSL1.0</SecuritySupport><SuggestedImageButtonHeightMms>3.5</SuggestedImageButtonHeightMms><SuggestedImageButtonHeightPixels>27.5</SuggestedImageButtonHeightPixels><SuggestedLinkSizePixels>27.5</SuggestedLinkSizePixels><SuggestedLinkSizePoints>10</SuggestedLinkSizePoints><SupportedBearers>GSM</SupportedBearers></profile>