<profile><BitsPerPixel>16</BitsPerPixel><DeviceUrl>http://uk.blackberry.com/devices/blackberrystorm/storm_specifications.jsp</DeviceUrl><HardwareModel>9500</HardwareModel><HardwareName>9500 Storm</HardwareName><HardwareVendor>RIM</HardwareVendor><Has3DCamera>False</Has3DCamera><Has3DScreen>False</Has3DScreen><HasCamera>True</HasCamera><HasKeypad>False</HasKeypad><HasQwertyPad>False</HasQwertyPad><HasTouchScreen>True</HasTouchScreen><HasTrackPad>False</HasTrackPad><HasVirtualQwerty>True</HasVirtualQwerty><IsConsole>False</IsConsole><IsEReader>False</IsEReader><IsMobile>True</IsMobile><IsTablet>False</IsTablet><ReleaseMonth>November</ReleaseMonth><ReleaseYear>2008</ReleaseYear><ScreenDiagonalMM>83</ScreenDiagonalMM><ScreenMMHeight>66</ScreenMMHeight><ScreenMMWidth>50</ScreenMMWidth><ScreenPixelsHeight>480</ScreenPixelsHeight><ScreenPixelsWidth>360</ScreenPixelsWidth><SecuritySupport>WTLS1.0</SecuritySupport><SuggestedImageButtonHeightMms>6</SuggestedImageButtonHeightMms><SuggestedImageButtonHeightPixels>43.6</SuggestedImageButtonHeightPixels><SuggestedLinkSizePixels>43.6</SuggestedLinkSizePixels><SuggestedLinkSizePoints>17</SuggestedLinkSizePoints><SupportedBearers>3GPP</SupportedBearers></profile>