<profile><BitsPerPixel>16</BitsPerPixel><DeviceUrl>http://www.samsung.com/in/support/detail/supportPrdDetail.do?menu=SP02&amp;prd_ia_cd=&amp;prd_mdl_cd=&amp;prd_mdl_name=SGH-J150B</DeviceUrl><HardwareModel>SGH-J150</HardwareModel><HardwareVendor>Samsung</HardwareVendor><Has3DCamera>False</Has3DCamera><Has3DScreen>False</Has3DScreen><HasCamera>True</HasCamera><HasKeypad>True</HasKeypad><HasQwertyPad>False</HasQwertyPad><HasTouchScreen>False</HasTouchScreen><HasTrackPad>False</HasTrackPad><HasVirtualQwerty>False</HasVirtualQwerty><IsConsole>False</IsConsole><IsEReader>False</IsEReader><IsMobile>True</IsMobile><IsTablet>False</IsTablet><ReleaseMonth>February</ReleaseMonth><ReleaseYear>2008</ReleaseYear><ScreenDiagonalMM>48.26</ScreenDiagonalMM><ScreenMMHeight>38</ScreenMMHeight><ScreenMMWidth>30</ScreenMMWidth><ScreenPixelsHeight>160</ScreenPixelsHeight><ScreenPixelsWidth>128</ScreenPixelsWidth><SecuritySupport>SSL1.0</SecuritySupport><SuggestedImageButtonHeightMms>3.5</SuggestedImageButtonHeightMms><SuggestedImageButtonHeightPixels>14.9</SuggestedImageButtonHeightPixels><SuggestedLinkSizePixels>14.9</SuggestedLinkSizePixels><SuggestedLinkSizePoints>10</SuggestedLinkSizePoints><SupportedBearers>CSD</SupportedBearers></profile>