<profile><BitsPerPixel>18</BitsPerPixel><DeviceUrl>http://www.samsung.com/in/support/detail/supportPrdDetail.do?menu=SP02&amp;prd_ia_cd=&amp;prd_mdl_cd=&amp;prd_mdl_name=GT-S3653</DeviceUrl><HardwareModel>GT-S3653</HardwareModel><HardwareVendor>Samsung</HardwareVendor><Has3DCamera>False</Has3DCamera><Has3DScreen>False</Has3DScreen><HasCamera>True</HasCamera><HasKeypad>False</HasKeypad><HasQwertyPad>False</HasQwertyPad><HasTouchScreen>True</HasTouchScreen><HasTrackPad>False</HasTrackPad><HasVirtualQwerty>True</HasVirtualQwerty><IsConsole>False</IsConsole><IsEReader>False</IsEReader><IsMobile>True</IsMobile><IsTablet>False</IsTablet><ReleaseMonth>October</ReleaseMonth><ReleaseYear>2009</ReleaseYear><ScreenDiagonalMM>71</ScreenDiagonalMM><ScreenMMHeight>57</ScreenMMHeight><ScreenMMWidth>43</ScreenMMWidth><ScreenPixelsHeight>320</ScreenPixelsHeight><ScreenPixelsWidth>240</ScreenPixelsWidth><SecuritySupport>WTLS1.0</SecuritySupport><SuggestedImageButtonHeightMms>6</SuggestedImageButtonHeightMms><SuggestedImageButtonHeightPixels>33.7</SuggestedImageButtonHeightPixels><SuggestedLinkSizePixels>33.7</SuggestedLinkSizePixels><SuggestedLinkSizePoints>17</SuggestedLinkSizePoints><SupportedBearers>3GPP</SupportedBearers></profile>