<profile><BitsPerPixel>16</BitsPerPixel><DeviceUrl>http://www.samsung.com/in/support/detail/supportPrdDetail.do?menu=SP01&amp;prd_mdl_cd=SGH-J800VIAINS&amp;srchword=SGH-J800</DeviceUrl><HardwareModel>SGH-J800</HardwareModel><HardwareName>Luxe</HardwareName><HardwareVendor>Samsung</HardwareVendor><Has3DCamera>False</Has3DCamera><Has3DScreen>False</Has3DScreen><HasCamera>True</HasCamera><HasKeypad>True</HasKeypad><HasQwertyPad>False</HasQwertyPad><HasTouchScreen>False</HasTouchScreen><HasTrackPad>False</HasTrackPad><HasVirtualQwerty>False</HasVirtualQwerty><IsConsole>False</IsConsole><IsEReader>False</IsEReader><IsMobile>True</IsMobile><IsTablet>False</IsTablet><ReleaseMonth>March</ReleaseMonth><ReleaseYear>2008</ReleaseYear><ScreenDiagonalMM>56</ScreenDiagonalMM><ScreenMMHeight>44</ScreenMMHeight><ScreenMMWidth>35</ScreenMMWidth><ScreenPixelsHeight>220</ScreenPixelsHeight><ScreenPixelsWidth>176</ScreenPixelsWidth><SecuritySupport>WTLS1.0</SecuritySupport><SuggestedImageButtonHeightMms>3.5</SuggestedImageButtonHeightMms><SuggestedImageButtonHeightPixels>17.6</SuggestedImageButtonHeightPixels><SuggestedLinkSizePixels>17.6</SuggestedLinkSizePixels><SuggestedLinkSizePoints>10</SuggestedLinkSizePoints><SupportedBearers>3GPP</SupportedBearers></profile>