<profile><BitsPerPixel>16</BitsPerPixel><DeviceUrl>http://www.samsung.com/hk_en/support/detail/supportPrdDetail.do?menu=SP01&amp;prd_ia_cd=&amp;prd_mdl_cd=&amp;prd_mdl_name=SGH-D908</DeviceUrl><HardwareModel>SGH-D908</HardwareModel><HardwareVendor>Samsung</HardwareVendor><Has3DCamera>False</Has3DCamera><Has3DScreen>False</Has3DScreen><HasCamera>True</HasCamera><HasKeypad>True</HasKeypad><HasQwertyPad>False</HasQwertyPad><HasTouchScreen>False</HasTouchScreen><HasTrackPad>False</HasTrackPad><HasVirtualQwerty>False</HasVirtualQwerty><IsConsole>False</IsConsole><IsEReader>False</IsEReader><IsMobile>True</IsMobile><IsTablet>False</IsTablet><ReleaseMonth>February</ReleaseMonth><ReleaseYear>2010</ReleaseYear><ScreenDiagonalMM>82</ScreenDiagonalMM><ScreenMMHeight>70</ScreenMMHeight><ScreenMMWidth>42</ScreenMMWidth><ScreenPixelsHeight>320</ScreenPixelsHeight><ScreenPixelsWidth>240</ScreenPixelsWidth><SecuritySupport>WTLS2.0</SecuritySupport><SuggestedImageButtonHeightMms>3.5</SuggestedImageButtonHeightMms><SuggestedImageButtonHeightPixels>16.1</SuggestedImageButtonHeightPixels><SuggestedLinkSizePixels>16.1</SuggestedLinkSizePixels><SuggestedLinkSizePoints>10</SuggestedLinkSizePoints><SupportedBearers>GSM</SupportedBearers></profile>