<profile><BitsPerPixel>16</BitsPerPixel><DeviceUrl>http://www.samsung.com/my/consumer/mobile-devices/mobile-phone/archive/SGH-E200TASFMG/index.idx?pagetype=prd_detail&amp;tab=specification</DeviceUrl><HardwareModel>SGH-E200</HardwareModel><HardwareVendor>Samsung</HardwareVendor><Has3DCamera>False</Has3DCamera><Has3DScreen>False</Has3DScreen><HasCamera>True</HasCamera><HasKeypad>True</HasKeypad><HasQwertyPad>False</HasQwertyPad><HasTouchScreen>False</HasTouchScreen><HasTrackPad>False</HasTrackPad><HasVirtualQwerty>False</HasVirtualQwerty><IsConsole>False</IsConsole><IsEReader>False</IsEReader><IsMobile>True</IsMobile><IsTablet>False</IsTablet><ReleaseMonth>February</ReleaseMonth><ReleaseYear>2007</ReleaseYear><ScreenDiagonalMM>45</ScreenDiagonalMM><ScreenMMHeight>36</ScreenMMHeight><ScreenMMWidth>29</ScreenMMWidth><ScreenPixelsHeight>220</ScreenPixelsHeight><ScreenPixelsWidth>176</ScreenPixelsWidth><SecuritySupport>SSL1.0</SecuritySupport><SuggestedImageButtonHeightMms>3.5</SuggestedImageButtonHeightMms><SuggestedImageButtonHeightPixels>21.6</SuggestedImageButtonHeightPixels><SuggestedLinkSizePixels>21.6</SuggestedLinkSizePixels><SuggestedLinkSizePoints>10</SuggestedLinkSizePoints><SupportedBearers>GSM</SupportedBearers></profile>