<profile><BitsPerPixel>16</BitsPerPixel><DeviceUrl>http://www.samsung.com/us/mobile/cell-phones/SCH-U450TBAVZW-features</DeviceUrl><HardwareModel>SCH-U450</HardwareModel><HardwareName>Intensity</HardwareName><HardwareVendor>Samsung</HardwareVendor><Has3DCamera>False</Has3DCamera><Has3DScreen>False</Has3DScreen><HasCamera>True</HasCamera><HasKeypad>True</HasKeypad><HasQwertyPad>True</HasQwertyPad><HasTouchScreen>False</HasTouchScreen><HasTrackPad>False</HasTrackPad><HasVirtualQwerty>False</HasVirtualQwerty><IsConsole>False</IsConsole><IsEReader>False</IsEReader><IsMobile>True</IsMobile><IsTablet>False</IsTablet><ReleaseMonth>September</ReleaseMonth><ReleaseYear>2009</ReleaseYear><ScreenDiagonalMM>53</ScreenDiagonalMM><ScreenMMHeight>42</ScreenMMHeight><ScreenMMWidth>33</ScreenMMWidth><ScreenPixelsHeight>220</ScreenPixelsHeight><ScreenPixelsWidth>176</ScreenPixelsWidth><SecuritySupport>SSL1.0</SecuritySupport><SuggestedImageButtonHeightMms>3.5</SuggestedImageButtonHeightMms><SuggestedImageButtonHeightPixels>18.5</SuggestedImageButtonHeightPixels><SuggestedLinkSizePixels>18.5</SuggestedLinkSizePixels><SuggestedLinkSizePoints>10</SuggestedLinkSizePoints><SupportedBearers>GSM</SupportedBearers></profile>