<profile><BitsPerPixel>16</BitsPerPixel><DeviceUrl>http://www.samsung.com/ca/consumer/mobile/mobile-phones/all-phones/SGH-A886ZKARWC/index.idx?pagetype=prd_detail&amp;tab=specification</DeviceUrl><HardwareModel>SGH-A886</HardwareModel><HardwareVendor>Samsung</HardwareVendor><Has3DCamera>False</Has3DCamera><Has3DScreen>False</Has3DScreen><HasCamera>True</HasCamera><HasKeypad>False</HasKeypad><HasQwertyPad>False</HasQwertyPad><HasTouchScreen>True</HasTouchScreen><HasTrackPad>False</HasTrackPad><HasVirtualQwerty>True</HasVirtualQwerty><IsConsole>False</IsConsole><IsEReader>False</IsEReader><IsMobile>True</IsMobile><IsTablet>False</IsTablet><ReleaseMonth>June</ReleaseMonth><ReleaseYear>2009</ReleaseYear><ScreenDiagonalMM>76.2</ScreenDiagonalMM><ScreenMMHeight>65</ScreenMMHeight><ScreenMMWidth>39</ScreenMMWidth><ScreenPixelsHeight>400</ScreenPixelsHeight><ScreenPixelsWidth>240</ScreenPixelsWidth><SecuritySupport>WTLS1.0</SecuritySupport><SuggestedImageButtonHeightMms>6</SuggestedImageButtonHeightMms><SuggestedImageButtonHeightPixels>36.9</SuggestedImageButtonHeightPixels><SuggestedLinkSizePixels>36.9</SuggestedLinkSizePixels><SuggestedLinkSizePoints>17</SuggestedLinkSizePoints><SupportedBearers>3GPP</SupportedBearers></profile>