<profile><BitsPerPixel>16</BitsPerPixel><DeviceUrl>http://www.samsung.com/ca/consumer/mobile/mobile-phones/all-phones/SGH-A256ZKARWC/index.idx?pagetype=prd_detail&amp;tab=specification</DeviceUrl><HardwareModel>SGH-A256</HardwareModel><HardwareName>Hype</HardwareName><HardwareVendor>Samsung</HardwareVendor><Has3DCamera>False</Has3DCamera><Has3DScreen>False</Has3DScreen><HasCamera>True</HasCamera><HasKeypad>False</HasKeypad><HasQwertyPad>True</HasQwertyPad><HasTouchScreen>False</HasTouchScreen><HasTrackPad>False</HasTrackPad><HasVirtualQwerty>False</HasVirtualQwerty><IsConsole>False</IsConsole><IsEReader>False</IsEReader><IsMobile>True</IsMobile><IsTablet>False</IsTablet><ReleaseMonth>November</ReleaseMonth><ReleaseYear>2009</ReleaseYear><ScreenDiagonalMM>61</ScreenDiagonalMM><ScreenMMHeight>38</ScreenMMHeight><ScreenMMWidth>48</ScreenMMWidth><ScreenPixelsHeight>176</ScreenPixelsHeight><ScreenPixelsWidth>220</ScreenPixelsWidth><SecuritySupport>SSL2.0</SecuritySupport><SuggestedImageButtonHeightMms>3.5</SuggestedImageButtonHeightMms><SuggestedImageButtonHeightPixels>16.3</SuggestedImageButtonHeightPixels><SuggestedLinkSizePixels>16.3</SuggestedLinkSizePixels><SuggestedLinkSizePoints>10</SuggestedLinkSizePoints><SupportedBearers>GSM</SupportedBearers></profile>