<profile><BitsPerPixel>18</BitsPerPixel><DeviceUrl>http://www.sharp-phone.com/contents/asia/wx-t92_en.html</DeviceUrl><HardwareModel>WXT92</HardwareModel><HardwareName>Sparrow</HardwareName><HardwareVendor>Sharp</HardwareVendor><Has3DCamera>False</Has3DCamera><Has3DScreen>False</Has3DScreen><HasCamera>True</HasCamera><HasKeypad>True</HasKeypad><HasQwertyPad>False</HasQwertyPad><HasTouchScreen>False</HasTouchScreen><HasTrackPad>False</HasTrackPad><HasVirtualQwerty>False</HasVirtualQwerty><IsConsole>False</IsConsole><IsEReader>False</IsEReader><IsMobile>True</IsMobile><IsTablet>False</IsTablet><ReleaseMonth>May</ReleaseMonth><ReleaseYear>2008</ReleaseYear><ScreenDiagonalMM>81</ScreenDiagonalMM><ScreenMMHeight>71</ScreenMMHeight><ScreenMMWidth>40</ScreenMMWidth><ScreenPixelsHeight>854</ScreenPixelsHeight><ScreenPixelsWidth>480</ScreenPixelsWidth><SecuritySupport>Unknown</SecuritySupport><SuggestedImageButtonHeightMms>3.5</SuggestedImageButtonHeightMms><SuggestedImageButtonHeightPixels>42.4</SuggestedImageButtonHeightPixels><SuggestedLinkSizePixels>42.4</SuggestedLinkSizePixels><SuggestedLinkSizePoints>10</SuggestedLinkSizePoints><SupportedBearers>GSM</SupportedBearers></profile>