<profile><BitsPerPixel>16</BitsPerPixel><DeviceUrl>http://www.samsung.com/hk_en/support/detail/supportPrdDetail.do?menu=SP01&amp;prd_ia_cd=&amp;prd_mdl_cd=&amp;prd_mdl_name=SGH-Z728</DeviceUrl><HardwareModel>SGH-Z728</HardwareModel><HardwareVendor>Samsung</HardwareVendor><Has3DCamera>False</Has3DCamera><Has3DScreen>False</Has3DScreen><HasCamera>True</HasCamera><HasKeypad>True</HasKeypad><HasQwertyPad>False</HasQwertyPad><HasTouchScreen>False</HasTouchScreen><HasTrackPad>False</HasTrackPad><HasVirtualQwerty>False</HasVirtualQwerty><IsConsole>False</IsConsole><IsEReader>False</IsEReader><IsMobile>True</IsMobile><IsTablet>False</IsTablet><ReleaseMonth>November</ReleaseMonth><ReleaseYear>2006</ReleaseYear><ScreenDiagonalMM>53.34</ScreenDiagonalMM><ScreenMMHeight>42</ScreenMMHeight><ScreenMMWidth>33</ScreenMMWidth><ScreenPixelsHeight>320</ScreenPixelsHeight><ScreenPixelsWidth>240</ScreenPixelsWidth><SecuritySupport>WTLS1.0</SecuritySupport><SuggestedImageButtonHeightMms>3.5</SuggestedImageButtonHeightMms><SuggestedImageButtonHeightPixels>26.9</SuggestedImageButtonHeightPixels><SuggestedLinkSizePixels>26.9</SuggestedLinkSizePixels><SuggestedLinkSizePoints>10</SuggestedLinkSizePoints><SupportedBearers>3GPP</SupportedBearers></profile>