<profile><BitsPerPixel>16</BitsPerPixel><DeviceUrl>http://www.htc.com/us/products/hero-sprint/</DeviceUrl><HardwareModel>A6277</HardwareModel><HardwareName>Hero</HardwareName><HardwareVendor>HTC</HardwareVendor><Has3DCamera>False</Has3DCamera><Has3DScreen>False</Has3DScreen><HasCamera>True</HasCamera><HasKeypad>False</HasKeypad><HasQwertyPad>False</HasQwertyPad><HasTouchScreen>True</HasTouchScreen><HasTrackPad>True</HasTrackPad><HasVirtualQwerty>True</HasVirtualQwerty><IsConsole>False</IsConsole><IsEReader>False</IsEReader><IsMobile>True</IsMobile><IsTablet>False</IsTablet><ReleaseMonth>August</ReleaseMonth><ReleaseYear>2009</ReleaseYear><ScreenDiagonalMM>81</ScreenDiagonalMM><ScreenMMHeight>68</ScreenMMHeight><ScreenMMWidth>45</ScreenMMWidth><ScreenPixelsHeight>480</ScreenPixelsHeight><ScreenPixelsWidth>320</ScreenPixelsWidth><SecuritySupport>SSL2.0</SecuritySupport><SuggestedImageButtonHeightMms>6</SuggestedImageButtonHeightMms><SuggestedImageButtonHeightPixels>42.4</SuggestedImageButtonHeightPixels><SuggestedLinkSizePixels>42.4</SuggestedLinkSizePixels><SuggestedLinkSizePoints>17</SuggestedLinkSizePoints><SupportedBearers>WiFi</SupportedBearers></profile>