<profile><BitsPerPixel>16</BitsPerPixel><DeviceUrl>http://us.blackberry.com/smartphones/blackberrystorm/#!phone-specifications</DeviceUrl><HardwareModel>9550</HardwareModel><HardwareName>9550 Storm2</HardwareName><HardwareVendor>RIM</HardwareVendor><Has3DCamera>False</Has3DCamera><Has3DScreen>False</Has3DScreen><HasCamera>True</HasCamera><HasKeypad>False</HasKeypad><HasQwertyPad>True</HasQwertyPad><HasTouchScreen>True</HasTouchScreen><HasTrackPad>False</HasTrackPad><HasVirtualQwerty>True</HasVirtualQwerty><IsConsole>False</IsConsole><IsEReader>False</IsEReader><IsMobile>True</IsMobile><IsTablet>False</IsTablet><ReleaseMonth>November</ReleaseMonth><ReleaseYear>2009</ReleaseYear><ScreenDiagonalMM>83</ScreenDiagonalMM><ScreenMMHeight>50</ScreenMMHeight><ScreenMMWidth>66</ScreenMMWidth><ScreenPixelsHeight>480</ScreenPixelsHeight><ScreenPixelsWidth>360</ScreenPixelsWidth><SecuritySupport>WTLS1.0</SecuritySupport><SuggestedImageButtonHeightMms>6</SuggestedImageButtonHeightMms><SuggestedImageButtonHeightPixels>57.6</SuggestedImageButtonHeightPixels><SuggestedLinkSizePixels>57.6</SuggestedLinkSizePixels><SuggestedLinkSizePoints>17</SuggestedLinkSizePoints><SupportedBearers>WiFi</SupportedBearers></profile>