<profile><BitsPerPixel>16</BitsPerPixel><CameraTypes>BackFacing</CameraTypes><DeviceUrl>http://www.developer.nokia.com/Devices/Device_specifications/6822/</DeviceUrl><HardwareModel>6822</HardwareModel><HardwareVendor>Nokia</HardwareVendor><Has3DCamera>False</Has3DCamera><Has3DScreen>False</Has3DScreen><HasCamera>True</HasCamera><HasKeypad>True</HasKeypad><HasQwertyPad>True</HasQwertyPad><HasTouchScreen>False</HasTouchScreen><HasTrackPad>False</HasTrackPad><HasVirtualQwerty>False</HasVirtualQwerty><IsConsole>False</IsConsole><IsEReader>False</IsEReader><IsMobile>True</IsMobile><IsTablet>False</IsTablet><ReleaseMonth>January</ReleaseMonth><ReleaseYear>2005</ReleaseYear><ScreenDiagonalMM>38.1</ScreenDiagonalMM><ScreenMMHeight>27</ScreenMMHeight><ScreenMMWidth>27</ScreenMMWidth><ScreenPixelsHeight>128</ScreenPixelsHeight><ScreenPixelsWidth>128</ScreenPixelsWidth><SecuritySupport>SSL1.0</SecuritySupport><SuggestedImageButtonHeightMms>3.5</SuggestedImageButtonHeightMms><SuggestedImageButtonHeightPixels>16.7</SuggestedImageButtonHeightPixels><SuggestedLinkSizePixels>16.7</SuggestedLinkSizePixels><SuggestedLinkSizePoints>10</SuggestedLinkSizePoints><SupportedBearers>GSM</SupportedBearers></profile>