<profile><BitsPerPixel>16</BitsPerPixel><DeviceUrl>http://www.samsung.com/uk/consumer/mobile-devices/mobile-phones/touch-screen/GT-S8000KKAXEU-spec</DeviceUrl><HardwareModel>GT-S8000T</HardwareModel><HardwareName>Cubic</HardwareName><HardwareVendor>Samsung</HardwareVendor><Has3DCamera>False</Has3DCamera><Has3DScreen>False</Has3DScreen><HasCamera>True</HasCamera><HasKeypad>False</HasKeypad><HasQwertyPad>False</HasQwertyPad><HasTouchScreen>True</HasTouchScreen><HasTrackPad>False</HasTrackPad><HasVirtualQwerty>True</HasVirtualQwerty><IsConsole>False</IsConsole><IsEReader>False</IsEReader><IsMobile>True</IsMobile><IsTablet>False</IsTablet><ReleaseMonth>June</ReleaseMonth><ReleaseYear>2009</ReleaseYear><ScreenDiagonalMM>82</ScreenDiagonalMM><ScreenMMHeight>70</ScreenMMHeight><ScreenMMWidth>42</ScreenMMWidth><ScreenPixelsHeight>800</ScreenPixelsHeight><ScreenPixelsWidth>480</ScreenPixelsWidth><SecuritySupport>WTLS1.0</SecuritySupport><SuggestedImageButtonHeightMms>6</SuggestedImageButtonHeightMms><SuggestedImageButtonHeightPixels>68.6</SuggestedImageButtonHeightPixels><SuggestedLinkSizePixels>68.6</SuggestedLinkSizePixels><SuggestedLinkSizePoints>17</SuggestedLinkSizePoints><SupportedBearers>WiFi</SupportedBearers></profile>