<profile><BitsPerPixel>16</BitsPerPixel><DeviceUrl>NoWebsite</DeviceUrl><HardwareModel>S7350</HardwareModel><HardwareName>Ultra S</HardwareName><HardwareVendor>Samsung</HardwareVendor><Has3DCamera>False</Has3DCamera><Has3DScreen>False</Has3DScreen><HasCamera>True</HasCamera><HasKeypad>True</HasKeypad><HasQwertyPad>False</HasQwertyPad><HasTouchScreen>False</HasTouchScreen><HasTrackPad>False</HasTrackPad><HasVirtualQwerty>False</HasVirtualQwerty><IsConsole>False</IsConsole><IsEReader>False</IsEReader><IsMobile>True</IsMobile><IsTablet>False</IsTablet><ReleaseMonth>February</ReleaseMonth><ReleaseYear>2009</ReleaseYear><ScreenDiagonalMM>66</ScreenDiagonalMM><ScreenMMHeight>57</ScreenMMHeight><ScreenMMWidth>34</ScreenMMWidth><ScreenPixelsHeight>400</ScreenPixelsHeight><ScreenPixelsWidth>240</ScreenPixelsWidth><SecuritySupport>WTLS1.0</SecuritySupport><SuggestedImageButtonHeightMms>3.5</SuggestedImageButtonHeightMms><SuggestedImageButtonHeightPixels>24.8</SuggestedImageButtonHeightPixels><SuggestedLinkSizePixels>24.8</SuggestedLinkSizePixels><SuggestedLinkSizePoints>10</SuggestedLinkSizePoints><SupportedBearers>3GPP</SupportedBearers></profile>