<profile><BitsPerPixel>32</BitsPerPixel><DeviceUrl>http://www.lg.com/us/mobile-phones/LG-CT810.jsp</DeviceUrl><HardwareModel>CT810</HardwareModel><HardwareVendor>LG</HardwareVendor><Has3DCamera>False</Has3DCamera><Has3DScreen>False</Has3DScreen><HasCamera>True</HasCamera><HasKeypad>True</HasKeypad><HasQwertyPad>False</HasQwertyPad><HasTouchScreen>True</HasTouchScreen><HasTrackPad>False</HasTrackPad><HasVirtualQwerty>True</HasVirtualQwerty><IsConsole>False</IsConsole><IsEReader>False</IsEReader><IsMobile>True</IsMobile><IsTablet>False</IsTablet><ReleaseMonth>February</ReleaseMonth><ReleaseYear>2009</ReleaseYear><ScreenDiagonalMM>Unknown</ScreenDiagonalMM><ScreenMMHeight>Unknown</ScreenMMHeight><ScreenMMWidth>Unknown</ScreenMMWidth><ScreenPixelsHeight>240</ScreenPixelsHeight><ScreenPixelsWidth>400</ScreenPixelsWidth><SecuritySupport>WTLS1.0</SecuritySupport><SuggestedImageButtonHeightMms>6</SuggestedImageButtonHeightMms><SuggestedImageButtonHeightPixels>20.1</SuggestedImageButtonHeightPixels><SuggestedLinkSizePixels>20.1</SuggestedLinkSizePixels><SuggestedLinkSizePoints>17</SuggestedLinkSizePoints><SupportedBearers>UMTS</SupportedBearers></profile>