<profile><BitsPerPixel>16</BitsPerPixel><DeviceUrl>NoWebsite</DeviceUrl><HardwareModel>SGH-T219S</HardwareModel><HardwareVendor>Samsung</HardwareVendor><Has3DCamera>False</Has3DCamera><Has3DScreen>False</Has3DScreen><HasCamera>False</HasCamera><HasKeypad>True</HasKeypad><HasQwertyPad>False</HasQwertyPad><HasTouchScreen>False</HasTouchScreen><HasTrackPad>False</HasTrackPad><HasVirtualQwerty>False</HasVirtualQwerty><IsConsole>False</IsConsole><IsEReader>False</IsEReader><IsMobile>True</IsMobile><IsTablet>False</IsTablet><ReleaseMonth>February</ReleaseMonth><ReleaseYear>2007</ReleaseYear><ScreenDiagonalMM>Unknown</ScreenDiagonalMM><ScreenMMHeight>Unknown</ScreenMMHeight><ScreenMMWidth>Unknown</ScreenMMWidth><ScreenPixelsHeight>160</ScreenPixelsHeight><ScreenPixelsWidth>128</ScreenPixelsWidth><SecuritySupport>SSL3.0</SecuritySupport><SuggestedImageButtonHeightMms>3.5</SuggestedImageButtonHeightMms><SuggestedImageButtonHeightPixels>11.8</SuggestedImageButtonHeightPixels><SuggestedLinkSizePixels>11.8</SuggestedLinkSizePixels><SuggestedLinkSizePoints>10</SuggestedLinkSizePoints><SupportedBearers>SMS</SupportedBearers></profile>