<profile><BitsPerPixel>16</BitsPerPixel><DeviceUrl>http://www.garminasus.com/en_GB/phones/nuvifone-m10/specs.html</DeviceUrl><HardwareModel>Nuvifone M10</HardwareModel><HardwareVendor>Asus</HardwareVendor><Has3DCamera>False</Has3DCamera><Has3DScreen>False</Has3DScreen><HasCamera>True</HasCamera><HasKeypad>False</HasKeypad><HasQwertyPad>False</HasQwertyPad><HasTouchScreen>True</HasTouchScreen><HasTrackPad>False</HasTrackPad><HasVirtualQwerty>True</HasVirtualQwerty><IsConsole>False</IsConsole><IsEReader>False</IsEReader><IsMobile>True</IsMobile><IsTablet>False</IsTablet><ReleaseMonth>March</ReleaseMonth><ReleaseYear>2010</ReleaseYear><ScreenDiagonalMM>89</ScreenDiagonalMM><ScreenMMHeight>76</ScreenMMHeight><ScreenMMWidth>46</ScreenMMWidth><ScreenPixelsHeight>800</ScreenPixelsHeight><ScreenPixelsWidth>480</ScreenPixelsWidth><SecuritySupport>WTLS1.0</SecuritySupport><SuggestedImageButtonHeightMms>6</SuggestedImageButtonHeightMms><SuggestedImageButtonHeightPixels>63.2</SuggestedImageButtonHeightPixels><SuggestedLinkSizePixels>63.2</SuggestedLinkSizePixels><SuggestedLinkSizePoints>17</SuggestedLinkSizePoints><SupportedBearers>WiFi</SupportedBearers></profile>