<profile><BitsPerPixel>18</BitsPerPixel><DeviceUrl>NoWebsite</DeviceUrl><HardwareModel>V100</HardwareModel><HardwareVendor>Amoi</HardwareVendor><Has3DCamera>False</Has3DCamera><Has3DScreen>False</Has3DScreen><HasCamera>False</HasCamera><HasKeypad>True</HasKeypad><HasQwertyPad>False</HasQwertyPad><HasTouchScreen>False</HasTouchScreen><HasTrackPad>False</HasTrackPad><HasVirtualQwerty>False</HasVirtualQwerty><IsConsole>False</IsConsole><IsEReader>False</IsEReader><IsMobile>True</IsMobile><IsTablet>False</IsTablet><ReleaseMonth>Unknown</ReleaseMonth><ReleaseYear>2007</ReleaseYear><ScreenDiagonalMM>38</ScreenDiagonalMM><ScreenMMHeight>27</ScreenMMHeight><ScreenMMWidth>27</ScreenMMWidth><ScreenPixelsHeight>128</ScreenPixelsHeight><ScreenPixelsWidth>128</ScreenPixelsWidth><SecuritySupport>WTLS1.0</SecuritySupport><SuggestedImageButtonHeightMms>3.5</SuggestedImageButtonHeightMms><SuggestedImageButtonHeightPixels>16.7</SuggestedImageButtonHeightPixels><SuggestedLinkSizePixels>16.7</SuggestedLinkSizePixels><SuggestedLinkSizePoints>10</SuggestedLinkSizePoints><SupportedBearers>3GPP</SupportedBearers></profile>