<profile><BitsPerPixel>18</BitsPerPixel><DeviceUrl>http://www.gigabytecm.com/Eng/ProductSpec.aspx?Pid=75</DeviceUrl><HardwareModel>S1200</HardwareModel><HardwareName>GSmart S1200</HardwareName><HardwareVendor>Gigabyte</HardwareVendor><Has3DCamera>False</Has3DCamera><Has3DScreen>False</Has3DScreen><HasCamera>True</HasCamera><HasKeypad>False</HasKeypad><HasQwertyPad>False</HasQwertyPad><HasTouchScreen>True</HasTouchScreen><HasTrackPad>False</HasTrackPad><HasVirtualQwerty>True</HasVirtualQwerty><IsConsole>False</IsConsole><IsEReader>False</IsEReader><IsMobile>True</IsMobile><IsTablet>False</IsTablet><ReleaseMonth>August</ReleaseMonth><ReleaseYear>2009</ReleaseYear><ScreenDiagonalMM>79</ScreenDiagonalMM><ScreenMMHeight>68</ScreenMMHeight><ScreenMMWidth>41</ScreenMMWidth><ScreenPixelsHeight>800</ScreenPixelsHeight><ScreenPixelsWidth>480</ScreenPixelsWidth><SecuritySupport>SSL1.0</SecuritySupport><SuggestedImageButtonHeightMms>6</SuggestedImageButtonHeightMms><SuggestedImageButtonHeightPixels>70.6</SuggestedImageButtonHeightPixels><SuggestedLinkSizePixels>70.6</SuggestedLinkSizePixels><SuggestedLinkSizePoints>17</SuggestedLinkSizePoints><SupportedBearers>WiFi</SupportedBearers></profile>